-- MySQL dump 10.13  Distrib 8.0.20, for Linux (x86_64)
--
-- Host: localhost    Database: vk
-- ------------------------------------------------------
-- Server version	8.0.20

/*!40101 SET @OLD_CHARACTER_SET_CLIENT=@@CHARACTER_SET_CLIENT */;
/*!40101 SET @OLD_CHARACTER_SET_RESULTS=@@CHARACTER_SET_RESULTS */;
/*!40101 SET @OLD_COLLATION_CONNECTION=@@COLLATION_CONNECTION */;
/*!50503 SET NAMES utf8mb4 */;
/*!40103 SET @OLD_TIME_ZONE=@@TIME_ZONE */;
/*!40103 SET TIME_ZONE='+00:00' */;
/*!40014 SET @OLD_UNIQUE_CHECKS=@@UNIQUE_CHECKS, UNIQUE_CHECKS=0 */;
/*!40014 SET @OLD_FOREIGN_KEY_CHECKS=@@FOREIGN_KEY_CHECKS, FOREIGN_KEY_CHECKS=0 */;
/*!40101 SET @OLD_SQL_MODE=@@SQL_MODE, SQL_MODE='NO_AUTO_VALUE_ON_ZERO' */;
/*!40111 SET @OLD_SQL_NOTES=@@SQL_NOTES, SQL_NOTES=0 */;

--
-- Table structure for table `communities`
--

DROP TABLE IF EXISTS `communities`;
/*!40101 SET @saved_cs_client     = @@character_set_client */;
/*!50503 SET character_set_client = utf8mb4 */;
CREATE TABLE `communities` (
  `id` int unsigned NOT NULL AUTO_INCREMENT COMMENT 'Идентификатор сроки',
  `name` varchar(150) CHARACTER SET utf8 COLLATE utf8_unicode_ci NOT NULL COMMENT 'Название группы',
  `created_at` datetime DEFAULT CURRENT_TIMESTAMP COMMENT 'Время создания строки',
  `updated_at` datetime DEFAULT CURRENT_TIMESTAMP ON UPDATE CURRENT_TIMESTAMP COMMENT 'Время обновления строки',
  PRIMARY KEY (`id`),
  UNIQUE KEY `name` (`name`)
) ENGINE=InnoDB AUTO_INCREMENT=151 DEFAULT CHARSET=utf8 COLLATE=utf8_unicode_ci COMMENT='Группы';
/*!40101 SET character_set_client = @saved_cs_client */;

--
-- Dumping data for table `communities`
--

LOCK TABLES `communities` WRITE;
/*!40000 ALTER TABLE `communities` DISABLE KEYS */;
INSERT INTO `communities` VALUES (1,'id','2014-02-18 21:28:47','1982-12-25 22:09:45'),(2,'nihil','2020-02-03 11:56:03','2018-10-27 17:01:04'),(3,'expedita','1980-04-06 14:12:08','1976-09-21 08:53:50'),(4,'recusandae','1975-09-26 19:30:14','1994-04-16 21:34:56'),(5,'aut','1995-10-23 01:10:27','1984-11-21 08:17:03'),(6,'voluptatem','1998-05-24 09:49:51','1990-10-01 20:01:30'),(7,'neque','1991-06-10 21:06:32','1977-03-26 19:34:10'),(8,'dolorum','1987-01-19 22:05:50','2000-11-01 04:30:35'),(9,'et','2003-02-08 22:41:39','1990-07-17 10:36:38'),(10,'asperiores','2003-06-25 02:03:58','1993-05-17 22:47:28'),(11,'temporibus','1991-01-30 07:32:43','2015-08-02 19:00:04'),(12,'dolore','2017-03-05 22:27:11','1970-06-10 02:17:12'),(13,'ut','2018-07-25 16:28:15','2006-08-04 22:08:19'),(14,'occaecati','1978-12-03 14:58:06','1994-08-16 00:00:40'),(15,'fuga','1983-06-20 01:08:48','1975-11-22 05:07:49'),(16,'quaerat','2016-08-09 15:08:36','2019-12-26 21:53:27'),(17,'laborum','1974-05-11 08:08:34','2012-06-24 00:18:54'),(18,'est','1975-09-16 08:03:54','2020-05-27 18:44:38'),(19,'corporis','1972-02-09 13:20:39','1983-03-05 05:14:14'),(20,'fugit','1972-06-04 22:16:25','2004-01-29 16:33:25');
/*!40000 ALTER TABLE `communities` ENABLE KEYS */;
UNLOCK TABLES;

--
-- Table structure for table `communities_users`
--

DROP TABLE IF EXISTS `communities_users`;
/*!40101 SET @saved_cs_client     = @@character_set_client */;
/*!50503 SET character_set_client = utf8mb4 */;
CREATE TABLE `communities_users` (
  `community_id` int unsigned NOT NULL COMMENT 'Ссылка на группу',
  `user_id` int unsigned NOT NULL COMMENT 'Ссылка на пользователя',
  `created_at` datetime DEFAULT CURRENT_TIMESTAMP COMMENT 'Время создания строки',
  PRIMARY KEY (`community_id`,`user_id`) COMMENT 'Составной первичный ключ',
  KEY `community_users_user_id_fk` (`user_id`),
  CONSTRAINT `community_users_community_id_fk` FOREIGN KEY (`community_id`) REFERENCES `communities` (`id`),
  CONSTRAINT `community_users_user_id_fk` FOREIGN KEY (`user_id`) REFERENCES `users` (`id`)
) ENGINE=InnoDB DEFAULT CHARSET=utf8 COLLATE=utf8_unicode_ci COMMENT='Участники групп, связь между пользователями и группами';
/*!40101 SET character_set_client = @saved_cs_client */;

--
-- Dumping data for table `communities_users`
--

LOCK TABLES `communities_users` WRITE;
/*!40000 ALTER TABLE `communities_users` DISABLE KEYS */;
INSERT INTO `communities_users` VALUES (1,135,'1982-07-05 13:41:26'),(1,176,'1995-05-14 02:00:25'),(3,54,'2000-02-02 08:15:50'),(3,196,'2017-04-22 17:51:43'),(4,50,'1973-06-05 01:41:39'),(7,64,'2017-09-22 18:40:48'),(7,91,'1996-02-09 22:52:16'),(7,104,'1989-05-19 15:49:01'),(7,184,'1992-11-17 05:22:56'),(11,31,'1982-01-04 12:49:31'),(11,74,'2004-03-10 06:56:51'),(11,137,'1979-10-06 06:12:12'),(12,11,'1975-04-25 10:30:22'),(12,188,'2003-02-24 13:11:54'),(13,60,'1973-05-25 14:34:53'),(14,108,'1990-05-01 11:06:55'),(14,168,'2017-11-29 12:31:55'),(15,191,'1991-04-05 01:05:50'),(16,36,'1987-08-25 02:24:37'),(17,52,'1992-09-15 16:39:30'),(18,109,'1984-09-29 16:33:11'),(19,151,'1992-01-17 23:37:25'),(19,187,'1975-06-15 17:59:00');
/*!40000 ALTER TABLE `communities_users` ENABLE KEYS */;
UNLOCK TABLES;

--
-- Table structure for table `friendship`
--

DROP TABLE IF EXISTS `friendship`;
/*!40101 SET @saved_cs_client     = @@character_set_client */;
/*!50503 SET character_set_client = utf8mb4 */;
CREATE TABLE `friendship` (
  `user_id` int unsigned NOT NULL COMMENT 'Ссылка на инициатора дружеских отношений',
  `friend_id` int unsigned NOT NULL COMMENT 'Ссылка на получателя приглашения дружить',
  `status_id` int unsigned NOT NULL COMMENT 'Ссылка на статус (текущее состояние) отношений',
  `confirmed_at` datetime DEFAULT NULL COMMENT 'Время подтверждения приглашения',
  `declined_at` datetime DEFAULT NULL,
  `created_at` datetime DEFAULT CURRENT_TIMESTAMP COMMENT 'Время создания строки',
  `updated_at` datetime DEFAULT CURRENT_TIMESTAMP ON UPDATE CURRENT_TIMESTAMP COMMENT 'Время обновления строки',
  PRIMARY KEY (`user_id`,`friend_id`) COMMENT 'Составной первичный ключ',
  KEY `friendship_friend_id_fk` (`friend_id`),
  KEY `friendship_status_id_fk` (`status_id`),
  CONSTRAINT `friendship_friend_id_fk` FOREIGN KEY (`friend_id`) REFERENCES `users` (`id`),
  CONSTRAINT `friendship_status_id_fk` FOREIGN KEY (`status_id`) REFERENCES `friendship_statuses` (`id`),
  CONSTRAINT `friendship_user_id_fk` FOREIGN KEY (`user_id`) REFERENCES `users` (`id`)
) ENGINE=InnoDB DEFAULT CHARSET=utf8 COLLATE=utf8_unicode_ci COMMENT='Таблица дружбы';
/*!40101 SET character_set_client = @saved_cs_client */;

--
-- Dumping data for table `friendship`
--

LOCK TABLES `friendship` WRITE;
/*!40000 ALTER TABLE `friendship` DISABLE KEYS */;
INSERT INTO `friendship` VALUES (2,160,1,'1988-03-13 22:11:35','2009-03-31 15:44:22','1987-12-22 22:51:23','2020-06-14 06:39:25'),(4,15,2,'2013-01-05 02:02:16','2020-06-14 05:39:54','2001-01-26 19:27:24','2020-06-14 06:39:25'),(5,121,1,'2014-03-31 07:13:49','2020-06-14 05:39:54','2001-11-22 16:18:58','2020-06-14 06:39:25'),(5,179,1,'1980-08-14 05:01:15','2011-08-03 19:19:11','1973-09-08 08:37:15','2020-06-14 06:39:25'),(6,27,3,'1975-12-19 18:52:27','2020-06-14 05:39:54','2006-11-23 01:04:08','2020-06-14 06:39:25'),(7,84,2,'1989-12-25 01:13:15','2020-06-14 05:39:54','2018-11-19 11:29:55','2020-06-14 06:39:25'),(8,12,2,'1987-02-02 00:50:12','2020-06-14 05:37:31','1984-11-18 06:34:25','2020-06-14 06:39:25'),(8,120,1,'2006-08-25 17:02:21','2020-06-14 05:39:54','2005-05-11 23:21:04','2020-06-14 06:39:25'),(10,37,2,'1976-07-12 11:37:07','1982-04-09 04:23:06','1980-09-19 13:27:13','2020-06-14 06:39:25'),(11,82,2,'1979-10-23 21:00:36','2018-08-26 00:23:30','2003-02-23 21:52:05','2020-06-14 06:39:25'),(11,115,1,'1989-04-05 05:31:27','2020-06-14 05:39:54','1976-06-29 20:57:04','2020-06-14 06:39:25'),(11,172,2,'1978-11-29 13:50:45','2020-06-14 05:39:54','1978-10-20 20:13:25','2020-06-14 06:39:25'),(14,13,2,'1987-09-18 20:12:49','1996-10-30 20:15:10','2005-06-28 20:55:34','2020-06-14 06:39:25'),(15,138,2,'2009-06-10 02:07:25','2020-06-14 05:39:54','1998-10-31 11:20:54','2020-06-14 06:39:25'),(16,4,2,'1993-01-31 14:51:33','2020-06-14 05:39:54','2006-10-26 12:58:33','2020-06-14 06:39:25'),(17,147,2,'1972-11-14 06:20:24','2020-06-14 05:39:54','2017-10-10 11:20:41','2020-06-14 06:39:25'),(18,119,1,'2020-04-22 06:15:13','2020-06-14 05:39:54','1989-01-18 18:22:00','2020-06-14 06:39:25'),(19,99,3,'2017-02-06 20:29:07','2020-06-14 05:36:08','2002-04-29 02:25:10','2020-06-14 06:39:25'),(19,134,3,'1976-09-05 02:36:33','2020-06-14 05:36:08','1973-12-24 13:25:04','2020-06-14 06:39:25'),(20,109,1,'1984-12-15 14:17:17','2020-06-14 05:39:54','1988-02-15 04:35:19','2020-06-14 06:39:25'),(20,117,3,'1987-02-05 23:58:16','1996-07-28 21:27:59','2013-03-24 00:09:07','2020-06-14 06:39:25'),(21,120,3,'1979-10-19 05:42:19','1997-09-03 14:00:10','1984-03-04 00:24:57','2020-06-14 06:39:25'),(21,147,3,'2003-02-01 21:49:46','2020-06-14 05:39:54','2018-09-07 01:52:20','2020-06-14 06:39:25'),(21,194,2,'2012-02-20 04:22:39','2001-12-17 09:16:00','1988-10-14 15:45:20','2020-06-14 06:39:25'),(23,44,1,'2004-07-26 04:15:40','2020-06-14 05:39:54','1990-02-16 17:01:42','2020-06-14 06:39:25'),(24,119,1,'1984-02-21 11:47:38','2020-06-14 05:39:54','2003-05-12 21:13:33','2020-06-14 06:39:25'),(24,122,2,'1990-12-16 08:36:54','2009-11-04 10:59:10','1976-11-09 23:32:51','2020-06-14 06:39:25'),(26,16,2,'2017-04-23 05:52:06','2020-06-14 05:39:54','2002-01-28 23:10:07','2020-06-14 06:39:25'),(28,101,2,'2006-10-30 04:11:51','2020-06-14 05:39:54','1984-08-18 14:49:27','2020-06-14 06:39:25'),(29,108,1,'1992-02-08 12:51:03','1994-10-07 09:58:55','2009-04-22 21:05:06','2020-06-14 06:39:25'),(33,82,2,'2011-06-27 04:30:30','2020-06-14 05:39:54','1973-02-22 10:32:16','2020-06-14 06:39:25'),(33,131,1,'2004-12-25 00:23:11','2020-06-14 05:39:54','2004-09-17 16:33:54','2020-06-14 06:39:25'),(36,134,1,'1996-04-28 21:04:10','2020-06-14 05:38:14','1999-08-10 09:58:48','2020-06-14 06:39:25'),(37,87,1,'1980-04-07 16:15:06','2019-09-26 12:30:48','2018-04-18 21:29:52','2020-06-14 06:39:25'),(38,122,3,'2014-01-23 08:05:23','2020-06-14 05:39:54','2010-04-01 07:41:31','2020-06-14 06:39:25'),(39,125,3,'2009-12-06 09:51:37','2020-06-14 05:39:54','1995-04-17 08:19:18','2020-06-14 06:39:25'),(40,117,2,'2015-11-09 18:08:31','1990-04-02 15:30:38','2011-01-13 21:29:22','2020-06-14 06:39:25'),(44,116,2,'1990-01-24 22:11:12','2014-08-12 22:34:17','1971-01-23 01:49:39','2020-06-14 06:39:25'),(44,171,3,'2019-02-26 11:52:11','1988-04-22 15:21:57','2000-08-20 15:06:00','2020-06-14 06:39:25'),(45,65,2,'1996-06-25 05:52:11','2000-03-07 10:34:03','2012-02-23 18:14:52','2020-06-14 06:39:25'),(49,38,2,'2017-09-01 12:51:47','1982-04-09 04:23:06','1989-08-23 14:48:53','2020-06-14 06:39:25'),(52,55,2,'2007-06-11 07:32:20','2013-01-26 14:42:10','1987-09-30 22:09:38','2020-06-14 06:39:25'),(54,62,2,'2013-11-11 23:06:40','2020-06-14 05:36:08','1972-11-17 04:53:57','2020-06-14 06:39:25'),(56,98,1,'1990-05-20 02:39:44','2017-12-04 15:13:23','1973-01-29 22:48:10','2020-06-14 06:39:25'),(57,12,2,'1987-08-14 19:36:10','2016-03-04 16:13:28','2003-12-17 17:02:19','2020-06-14 06:39:25'),(57,200,1,'1992-03-18 23:22:50','2020-06-14 05:39:54','2005-08-12 11:55:25','2020-06-14 06:39:25'),(60,118,1,'1997-01-01 14:03:47','2014-01-24 12:39:22','2020-05-26 20:24:35','2020-06-14 06:39:25'),(60,122,1,'2000-01-25 10:59:01','2014-08-12 22:34:17','2001-12-20 03:47:17','2020-06-14 06:39:25'),(61,38,1,'1979-08-10 01:06:04','1982-04-09 04:23:06','2016-08-30 04:21:13','2020-06-14 06:39:25'),(61,146,3,'2010-01-19 07:15:48','2020-06-14 05:39:54','2002-06-23 16:49:41','2020-06-14 06:39:25'),(62,64,3,'1998-02-17 16:44:47','2020-06-14 05:39:54','1985-05-03 01:10:50','2020-06-14 06:39:25'),(63,19,2,'1983-08-14 03:45:27','2020-06-14 05:39:54','2004-03-04 22:48:41','2020-06-14 06:39:25'),(63,59,1,'2009-07-22 06:44:23','2020-06-14 05:39:54','1992-06-09 07:21:03','2020-06-14 06:39:25'),(66,118,2,'1972-04-26 04:11:39','2020-06-14 05:37:31','1996-11-12 17:29:12','2020-06-14 06:39:25'),(66,195,3,'1991-10-28 20:39:14','2020-06-14 05:39:54','2003-07-21 05:27:59','2020-06-14 06:39:25'),(69,43,3,'1972-10-06 13:41:59','2018-04-08 19:54:10','1976-04-14 16:30:34','2020-06-14 06:39:25'),(69,99,1,'2016-01-20 03:12:11','2020-06-14 05:39:54','1974-01-21 03:15:31','2020-06-14 06:39:25'),(69,134,1,'2006-10-23 15:36:06','1984-08-14 08:49:51','2014-07-22 11:21:11','2020-06-14 06:39:25'),(69,137,2,'2005-10-04 00:01:00','2011-10-23 22:08:30','2017-08-23 03:12:15','2020-06-14 06:39:25'),(71,171,1,'2000-07-21 10:06:54','2020-06-14 05:39:54','2001-04-29 01:16:18','2020-06-14 06:39:25'),(72,41,1,'1989-08-01 18:37:01','2020-06-14 05:39:54','1987-04-25 11:30:34','2020-06-14 06:39:25'),(72,112,1,'2000-02-29 16:36:52','2020-06-14 05:38:14','1980-05-27 02:51:31','2020-06-14 06:39:25'),(72,155,3,'2004-10-19 02:45:32','2020-06-14 05:36:08','1977-10-12 01:34:45','2020-06-14 06:39:25'),(73,42,3,'1997-03-11 10:01:31','2020-06-14 05:39:54','1999-05-09 20:41:33','2020-06-14 06:39:25'),(75,133,2,'2018-08-28 00:41:50','2020-06-14 05:39:54','2008-02-07 03:58:51','2020-06-14 06:39:25'),(77,14,3,'1989-12-05 10:56:13','2020-06-14 05:39:54','2017-05-23 21:13:49','2020-06-14 06:39:25'),(80,116,1,'1970-06-16 20:39:48','2014-08-12 22:34:17','2017-11-24 10:25:22','2020-06-14 06:39:25'),(80,171,3,'1993-11-05 06:58:33','2004-05-11 12:25:13','1992-10-29 12:32:19','2020-06-14 06:39:25'),(82,5,3,'1995-11-15 01:05:17','2020-06-14 05:39:54','2001-08-03 17:35:01','2020-06-14 06:39:25'),(84,38,1,'1984-12-18 06:37:38','2020-06-14 05:38:14','2009-09-18 21:21:43','2020-06-14 06:39:25'),(90,43,1,'2000-11-13 20:47:59','2020-06-14 05:37:31','1978-04-23 09:18:09','2020-06-14 06:39:25'),(91,104,1,'1985-03-15 11:25:02','2005-05-04 21:29:41','2015-01-14 22:40:30','2020-06-14 06:39:25'),(94,67,2,'2004-08-14 16:06:45','1995-08-23 07:43:30','1978-04-23 02:05:39','2020-06-14 06:39:25'),(94,166,1,'2016-12-04 00:07:18','2020-06-14 05:37:31','1991-08-20 01:26:28','2020-06-14 06:39:25'),(94,191,2,'1989-11-30 03:45:09','2014-09-01 03:04:25','1992-03-06 02:00:16','2020-06-14 06:39:25'),(95,156,2,'2015-03-10 23:49:57','2020-06-14 05:36:08','2009-04-04 11:45:28','2020-06-14 06:39:25'),(95,192,1,'1978-10-06 22:06:24','1994-10-07 09:58:55','1975-04-18 12:32:07','2020-06-14 06:39:25'),(97,37,1,'1983-06-30 23:23:07','2014-01-24 12:39:22','1974-07-17 07:24:32','2020-06-14 06:39:25'),(97,45,1,'1995-11-07 11:35:20','2020-06-14 05:38:14','1993-08-30 05:52:00','2020-06-14 06:39:25'),(97,46,1,'1983-09-18 12:47:20','2020-06-14 05:39:54','2012-08-09 12:11:40','2020-06-14 06:39:25'),(97,192,2,'1975-12-13 00:37:20','2020-06-14 05:39:54','2016-03-23 05:02:47','2020-06-14 06:39:25'),(98,75,2,'2019-10-17 20:30:34','2000-03-07 10:34:03','1996-09-28 19:07:28','2020-06-14 06:39:25'),(99,78,2,'1999-04-16 13:21:12','2020-06-14 05:39:54','1989-02-25 02:43:56','2020-06-14 06:39:25'),(99,116,1,'1986-07-04 13:25:06','2002-12-29 21:37:47','2009-02-21 23:49:15','2020-06-14 06:39:25'),(100,108,2,'2004-08-16 15:53:43','2020-06-14 05:36:08','1999-01-31 17:00:44','2020-06-14 06:39:25'),(102,77,3,'2015-04-02 02:57:08','2020-06-14 05:39:54','1998-05-17 23:46:34','2020-06-14 06:39:25'),(103,167,2,'2004-09-23 08:03:22','2018-11-07 23:45:23','1984-06-04 09:55:25','2020-06-14 06:39:25'),(103,174,1,'1987-03-18 23:38:05','1977-02-10 07:13:27','1993-04-06 22:17:56','2020-06-14 06:39:25'),(104,36,1,'1973-12-20 00:46:54','2020-06-14 05:39:54','1982-10-21 18:14:45','2020-06-14 06:39:25'),(104,128,2,'1993-11-28 01:34:14','1996-10-30 20:15:10','1990-09-05 03:02:32','2020-06-14 06:39:25'),(104,148,3,'2003-01-02 02:05:55','2020-06-14 05:39:54','2014-07-15 17:52:38','2020-06-14 06:39:25'),(106,197,3,'2017-04-10 05:57:04','2006-04-04 18:10:59','2002-09-20 14:31:20','2020-06-14 06:39:25'),(111,15,1,'1975-09-01 13:43:48','2020-06-14 05:39:54','2006-06-20 05:40:43','2020-06-14 06:39:25'),(114,40,2,'1980-06-25 22:08:43','2011-10-23 22:08:30','2001-06-01 18:41:02','2020-06-14 06:39:25'),(116,65,2,'1979-01-01 04:22:17','2009-03-31 15:44:22','1971-11-22 01:01:41','2020-06-14 06:39:25'),(117,193,2,'1972-01-09 01:14:46','2008-11-30 10:00:52','1983-01-14 10:51:25','2020-06-14 06:39:25'),(118,150,1,'2016-12-01 01:00:33','2020-06-14 05:39:54','2017-06-23 15:21:16','2020-06-14 06:39:25'),(119,24,2,'1973-12-02 19:56:09','2020-06-14 05:36:08','1991-04-04 22:14:47','2020-06-14 06:39:25'),(119,145,3,'1974-08-23 11:42:28','2020-06-14 05:39:54','1978-10-14 20:05:19','2020-06-14 06:39:25'),(120,178,1,'2004-11-14 15:28:05','2018-04-08 19:54:10','1991-12-27 11:14:16','2020-06-14 06:39:25'),(120,199,2,'1996-11-28 00:19:22','2020-06-14 05:39:54','1993-12-24 06:26:48','2020-06-14 06:39:25'),(121,165,1,'2010-09-28 00:37:48','1993-01-30 22:18:57','1997-01-02 19:46:08','2020-06-14 06:39:25'),(121,177,1,'2012-10-01 14:29:02','1982-01-27 13:05:56','1991-03-04 13:25:47','2020-06-14 06:39:25'),(121,196,3,'1978-01-30 06:16:04','2020-06-14 05:39:54','1981-06-20 11:55:24','2020-06-14 06:39:25'),(122,121,3,'1974-03-11 18:59:30','2020-06-14 05:38:14','1989-10-02 08:12:41','2020-06-14 06:39:25'),(124,199,1,'1988-09-08 01:18:52','2020-06-14 05:39:54','1987-07-31 19:18:19','2020-06-14 06:39:25'),(126,31,1,'2002-02-07 22:24:06','2020-06-14 05:39:54','1984-05-05 13:41:33','2020-06-14 06:39:25'),(126,149,1,'1970-07-26 09:31:44','2003-11-19 17:50:37','1970-10-21 10:08:28','2020-06-14 06:39:25'),(127,124,2,'2008-09-05 19:02:28','2002-09-15 22:29:53','1978-01-06 06:08:18','2020-06-14 06:39:25'),(128,4,3,'2008-10-29 08:57:23','2020-06-14 05:38:14','2020-02-10 11:24:52','2020-06-14 06:39:25'),(128,20,2,'1986-09-10 10:28:13','2020-06-14 05:38:14','1994-09-20 10:12:09','2020-06-14 06:39:25'),(129,80,3,'2015-08-18 05:22:11','2020-06-14 05:37:31','1987-04-30 18:11:33','2020-06-14 06:39:25'),(130,16,2,'2019-06-21 06:11:07','2020-06-14 05:39:54','1998-11-29 02:57:49','2020-06-14 06:39:25'),(130,65,2,'1988-06-30 04:08:29','2020-06-14 05:39:54','1994-10-04 17:10:53','2020-06-14 06:39:25'),(130,200,2,'1996-09-07 20:38:20','2020-06-14 05:39:54','1999-11-07 18:34:28','2020-06-14 06:39:25'),(131,11,2,'1976-03-04 08:33:32','2020-06-14 05:39:54','2016-05-16 03:14:51','2020-06-14 06:39:25'),(134,79,1,'1970-08-10 19:39:21','2020-06-14 05:36:08','2005-01-11 11:39:48','2020-06-14 06:39:25'),(142,152,2,'2012-07-17 06:09:53','2020-06-14 05:39:54','2008-09-07 15:27:38','2020-06-14 06:39:25'),(143,122,2,'2014-10-29 10:59:40','2020-06-14 05:39:54','2012-12-26 07:39:39','2020-06-14 06:39:25'),(146,11,1,'1977-10-09 16:48:50','2020-06-14 05:39:54','1971-08-08 02:00:13','2020-06-14 06:39:25'),(146,127,2,'1991-06-22 15:44:10','2015-04-19 06:26:50','1985-04-17 14:38:16','2020-06-14 06:39:25'),(151,118,3,'1998-04-01 14:42:57','2020-06-14 05:39:54','1994-05-03 06:49:46','2020-06-14 06:39:25'),(152,123,1,'1990-02-05 13:47:52','2019-03-06 10:08:23','1986-01-18 09:02:10','2020-06-14 06:39:25'),(154,159,1,'1970-01-31 15:38:27','2020-06-14 05:39:54','1981-12-26 14:11:14','2020-06-14 06:39:25'),(155,32,1,'1994-07-31 18:44:30','2020-06-14 05:39:54','1988-11-01 18:06:44','2020-06-14 06:39:25'),(158,12,1,'1984-02-11 22:33:03','2006-04-04 18:10:59','1992-10-23 15:29:47','2020-06-14 06:39:25'),(158,185,2,'1973-01-10 04:17:17','2005-07-22 18:11:39','2008-08-27 20:30:52','2020-06-14 06:39:25'),(162,143,3,'2018-03-07 17:06:16','2020-06-14 05:39:54','1971-08-25 14:12:44','2020-06-14 06:39:25'),(163,182,3,'2015-07-12 15:45:21','1995-08-23 07:43:30','1978-01-28 03:56:40','2020-06-14 06:39:25'),(164,160,2,'1978-02-04 22:19:00','2018-11-07 23:45:23','1981-05-25 08:30:05','2020-06-14 06:39:25'),(167,3,2,'1970-02-24 18:39:37','2020-06-14 05:39:54','1981-11-23 13:15:46','2020-06-14 06:39:25'),(167,41,2,'2004-04-07 12:12:51','1995-11-27 08:19:07','2003-12-25 09:01:39','2020-06-14 06:39:25'),(167,97,1,'1985-06-02 20:29:30','2020-06-14 05:39:54','2003-03-12 17:16:43','2020-06-14 06:39:25'),(169,63,3,'2012-03-07 21:20:21','2001-12-17 09:16:00','2007-08-16 12:04:54','2020-06-14 06:39:25'),(169,100,2,'1980-09-28 09:39:30','2020-06-14 05:39:54','1980-11-10 22:58:48','2020-06-14 06:39:25'),(172,16,1,'2012-08-01 23:56:46','2014-08-20 02:44:43','1990-03-19 07:33:45','2020-06-14 06:39:25'),(172,50,3,'2002-08-16 17:30:14','2020-06-14 05:37:31','2012-08-27 19:02:55','2020-06-14 06:39:25'),(180,4,1,'1980-08-27 08:07:21','2002-12-29 21:37:47','2004-11-05 21:46:04','2020-06-14 06:39:25'),(186,5,2,'1986-09-08 15:28:23','2017-12-04 15:13:23','2007-12-31 04:39:27','2020-06-14 06:39:25'),(186,198,1,'2008-04-08 02:32:58','2020-06-14 05:39:54','2010-12-26 02:25:36','2020-06-14 06:39:25'),(188,158,2,'1996-07-08 15:13:07','2020-06-14 05:39:54','2012-07-27 11:06:44','2020-06-14 06:39:25'),(189,136,2,'2019-01-06 12:41:40','2020-06-14 05:39:54','2011-01-04 07:43:09','2020-06-14 06:39:25'),(189,187,2,'2011-08-02 22:43:43','2020-06-14 05:39:54','1988-03-17 19:43:05','2020-06-14 06:39:25'),(190,62,1,'2004-09-29 13:10:43','1990-04-02 15:30:38','1983-01-02 10:21:21','2020-06-14 06:39:25'),(196,123,2,'1976-08-30 12:07:25','2020-06-14 05:39:54','1977-02-04 08:22:24','2020-06-14 06:39:25'),(197,63,1,'1982-02-25 17:22:06','2020-06-14 05:39:54','2011-06-01 18:52:45','2020-06-14 06:39:25'),(199,4,2,'2011-07-20 01:48:11','2020-06-14 05:39:54','1983-11-05 13:03:13','2020-06-14 06:39:25'),(199,61,3,'1992-09-05 07:37:15','2020-06-14 05:39:54','1973-10-29 06:16:15','2020-06-14 06:39:25'),(199,192,3,'1978-03-29 09:39:07','2020-06-14 05:39:54','1989-07-05 21:44:12','2020-06-14 06:39:25'),(200,119,1,'2014-10-13 23:02:24','2015-09-27 01:40:03','1982-09-26 07:19:59','2020-06-14 06:39:25');
/*!40000 ALTER TABLE `friendship` ENABLE KEYS */;
UNLOCK TABLES;

--
-- Table structure for table `friendship_statuses`
--

DROP TABLE IF EXISTS `friendship_statuses`;
/*!40101 SET @saved_cs_client     = @@character_set_client */;
/*!50503 SET character_set_client = utf8mb4 */;
CREATE TABLE `friendship_statuses` (
  `id` int unsigned NOT NULL AUTO_INCREMENT COMMENT 'Идентификатор строки',
  `name` varchar(150) CHARACTER SET utf8 COLLATE utf8_unicode_ci NOT NULL COMMENT 'Название статуса',
  `created_at` datetime DEFAULT CURRENT_TIMESTAMP COMMENT 'Время создания строки',
  `updated_at` datetime DEFAULT CURRENT_TIMESTAMP ON UPDATE CURRENT_TIMESTAMP COMMENT 'Время обновления строки',
  PRIMARY KEY (`id`),
  UNIQUE KEY `name` (`name`)
) ENGINE=InnoDB AUTO_INCREMENT=4 DEFAULT CHARSET=utf8 COLLATE=utf8_unicode_ci COMMENT='Статусы дружбы';
/*!40101 SET character_set_client = @saved_cs_client */;

--
-- Dumping data for table `friendship_statuses`
--

LOCK TABLES `friendship_statuses` WRITE;
/*!40000 ALTER TABLE `friendship_statuses` DISABLE KEYS */;
INSERT INTO `friendship_statuses` VALUES (1,'pending','1981-09-12 19:43:38','1975-01-31 06:00:31'),(2,'denied','2005-05-17 23:31:12','2000-09-19 16:15:53'),(3,'accepted','1973-01-26 19:08:22','1994-11-22 14:13:17');
/*!40000 ALTER TABLE `friendship_statuses` ENABLE KEYS */;
UNLOCK TABLES;

--
-- Table structure for table `likes`
--

DROP TABLE IF EXISTS `likes`;
/*!40101 SET @saved_cs_client     = @@character_set_client */;
/*!50503 SET character_set_client = utf8mb4 */;
CREATE TABLE `likes` (
  `id` int unsigned NOT NULL AUTO_INCREMENT,
  `user_id` int unsigned NOT NULL,
  `target_id` int unsigned NOT NULL,
  `target_type_id` int unsigned NOT NULL,
  `created_at` datetime DEFAULT CURRENT_TIMESTAMP,
  PRIMARY KEY (`id`),
  KEY `likes_user_id_fk` (`user_id`),
  KEY `likes_target_type_id_fk` (`target_type_id`),
  CONSTRAINT `likes_target_type_id_fk` FOREIGN KEY (`target_type_id`) REFERENCES `target_types` (`id`),
  CONSTRAINT `likes_user_id_fk` FOREIGN KEY (`user_id`) REFERENCES `users` (`id`)
) ENGINE=InnoDB AUTO_INCREMENT=201 DEFAULT CHARSET=utf8mb4 COLLATE=utf8mb4_0900_ai_ci;
/*!40101 SET character_set_client = @saved_cs_client */;

--
-- Dumping data for table `likes`
--

LOCK TABLES `likes` WRITE;
/*!40000 ALTER TABLE `likes` DISABLE KEYS */;
INSERT INTO `likes` VALUES (1,69,2,4,'2020-06-20 07:41:35'),(2,93,67,3,'2020-06-20 07:41:35'),(3,74,5,1,'2020-06-20 07:41:35'),(4,88,40,2,'2020-06-20 07:41:35'),(5,44,19,3,'2020-06-20 07:41:35'),(6,68,46,1,'2020-06-20 07:41:35'),(7,75,6,1,'2020-06-20 07:41:35'),(8,13,47,4,'2020-06-20 07:41:35'),(9,28,59,1,'2020-06-20 07:41:35'),(10,64,96,4,'2020-06-20 07:41:35'),(11,43,55,2,'2020-06-20 07:41:35'),(12,66,93,3,'2020-06-20 07:41:35'),(13,38,98,3,'2020-06-20 07:41:35'),(14,83,90,4,'2020-06-20 07:41:35'),(15,18,99,2,'2020-06-20 07:41:35'),(16,98,74,3,'2020-06-20 07:41:35'),(17,45,4,4,'2020-06-20 07:41:35'),(18,15,17,2,'2020-06-20 07:41:35'),(19,57,58,1,'2020-06-20 07:41:35'),(20,17,29,4,'2020-06-20 07:41:35'),(21,81,26,4,'2020-06-20 07:41:35'),(22,39,45,1,'2020-06-20 07:41:35'),(23,5,100,4,'2020-06-20 07:41:35'),(24,24,63,2,'2020-06-20 07:41:35'),(25,27,5,2,'2020-06-20 07:41:35'),(26,8,6,1,'2020-06-20 07:41:35'),(27,4,4,1,'2020-06-20 07:41:35'),(28,36,52,2,'2020-06-20 07:41:35'),(29,86,87,3,'2020-06-20 07:41:35'),(30,12,36,2,'2020-06-20 07:41:35'),(31,5,97,3,'2020-06-20 07:41:35'),(32,62,96,4,'2020-06-20 07:41:35'),(33,80,20,3,'2020-06-20 07:41:35'),(34,41,21,4,'2020-06-20 07:41:35'),(35,47,87,4,'2020-06-20 07:41:35'),(36,13,79,3,'2020-06-20 07:41:35'),(37,37,19,4,'2020-06-20 07:41:35'),(38,58,41,2,'2020-06-20 07:41:35'),(39,35,79,4,'2020-06-20 07:41:35'),(40,8,72,2,'2020-06-20 07:41:35'),(41,65,16,4,'2020-06-20 07:41:35'),(42,76,25,4,'2020-06-20 07:41:35'),(43,5,37,3,'2020-06-20 07:41:35'),(44,35,64,1,'2020-06-20 07:41:35'),(45,94,17,1,'2020-06-20 07:41:35'),(46,57,79,1,'2020-06-20 07:41:35'),(47,86,53,1,'2020-06-20 07:41:35'),(48,86,2,3,'2020-06-20 07:41:35'),(49,52,3,3,'2020-06-20 07:41:35'),(50,83,39,2,'2020-06-20 07:41:35'),(51,12,20,3,'2020-06-20 07:41:35'),(52,72,59,4,'2020-06-20 07:41:35'),(53,12,27,4,'2020-06-20 07:41:35'),(54,9,52,2,'2020-06-20 07:41:35'),(55,99,3,1,'2020-06-20 07:41:35'),(56,77,32,2,'2020-06-20 07:41:35'),(57,42,25,4,'2020-06-20 07:41:35'),(58,26,28,3,'2020-06-20 07:41:35'),(59,19,13,1,'2020-06-20 07:41:35'),(60,91,37,1,'2020-06-20 07:41:35'),(61,54,28,4,'2020-06-20 07:41:35'),(62,14,28,4,'2020-06-20 07:41:35'),(63,10,53,2,'2020-06-20 07:41:35'),(64,14,67,4,'2020-06-20 07:41:35'),(65,51,84,3,'2020-06-20 07:41:35'),(66,75,76,3,'2020-06-20 07:41:35'),(67,57,15,4,'2020-06-20 07:41:35'),(68,58,87,3,'2020-06-20 07:41:35'),(69,53,74,1,'2020-06-20 07:41:35'),(70,25,96,1,'2020-06-20 07:41:35'),(71,29,33,4,'2020-06-20 07:41:35'),(72,90,16,1,'2020-06-20 07:41:35'),(73,99,65,2,'2020-06-20 07:41:35'),(74,48,54,2,'2020-06-20 07:41:35'),(75,71,75,3,'2020-06-20 07:41:35'),(76,77,2,4,'2020-06-20 07:41:35'),(77,87,98,2,'2020-06-20 07:41:35'),(78,59,1,2,'2020-06-20 07:41:35'),(79,37,98,4,'2020-06-20 07:41:35'),(80,11,10,1,'2020-06-20 07:41:35'),(81,57,33,4,'2020-06-20 07:41:35'),(82,70,69,2,'2020-06-20 07:41:35'),(83,49,54,1,'2020-06-20 07:41:35'),(84,35,15,3,'2020-06-20 07:41:35'),(85,9,30,1,'2020-06-20 07:41:35'),(86,34,95,3,'2020-06-20 07:41:35'),(87,81,84,4,'2020-06-20 07:41:35'),(88,29,14,4,'2020-06-20 07:41:35'),(89,84,61,3,'2020-06-20 07:41:35'),(90,82,52,1,'2020-06-20 07:41:35'),(91,9,3,4,'2020-06-20 07:41:35'),(92,39,27,1,'2020-06-20 07:41:35'),(93,95,29,3,'2020-06-20 07:41:35'),(94,8,61,4,'2020-06-20 07:41:35'),(95,18,47,4,'2020-06-20 07:41:35'),(96,71,5,1,'2020-06-20 07:41:35'),(97,54,26,3,'2020-06-20 07:41:35'),(98,68,32,3,'2020-06-20 07:41:35'),(99,78,23,4,'2020-06-20 07:41:35'),(100,37,41,4,'2020-06-20 07:41:35'),(101,50,63,3,'2020-06-20 07:41:35'),(102,34,74,3,'2020-06-20 07:41:35'),(103,18,84,3,'2020-06-20 07:41:35'),(104,79,96,2,'2020-06-20 07:41:35'),(105,23,86,3,'2020-06-20 07:41:35'),(106,53,78,2,'2020-06-20 07:41:35'),(107,10,63,4,'2020-06-20 07:41:35'),(108,32,6,2,'2020-06-20 07:41:35'),(109,44,22,4,'2020-06-20 07:41:35'),(110,26,92,4,'2020-06-20 07:41:35'),(111,43,60,3,'2020-06-20 07:41:35'),(112,82,93,1,'2020-06-20 07:41:35'),(113,17,25,3,'2020-06-20 07:41:35'),(114,95,51,3,'2020-06-20 07:41:35'),(115,100,86,2,'2020-06-20 07:41:35'),(116,94,76,4,'2020-06-20 07:41:35'),(117,63,19,1,'2020-06-20 07:41:35'),(118,72,42,4,'2020-06-20 07:41:35'),(119,37,9,2,'2020-06-20 07:41:35'),(120,25,33,4,'2020-06-20 07:41:35'),(121,46,62,3,'2020-06-20 07:41:35'),(122,68,28,2,'2020-06-20 07:41:35'),(123,93,57,1,'2020-06-20 07:41:35'),(124,62,90,3,'2020-06-20 07:41:35'),(125,45,34,2,'2020-06-20 07:41:35'),(126,80,91,1,'2020-06-20 07:41:35'),(127,1,61,4,'2020-06-20 07:41:35'),(128,13,68,4,'2020-06-20 07:41:35'),(129,86,34,1,'2020-06-20 07:41:35'),(130,64,80,1,'2020-06-20 07:41:35'),(131,86,15,1,'2020-06-20 07:41:35'),(132,30,4,2,'2020-06-20 07:41:35'),(133,34,84,1,'2020-06-20 07:41:35'),(134,23,71,4,'2020-06-20 07:41:35'),(135,10,95,2,'2020-06-20 07:41:35'),(136,32,30,3,'2020-06-20 07:41:35'),(137,69,91,2,'2020-06-20 07:41:35'),(138,62,66,2,'2020-06-20 07:41:35'),(139,26,96,1,'2020-06-20 07:41:35'),(140,17,79,2,'2020-06-20 07:41:35'),(141,85,92,1,'2020-06-20 07:41:35'),(142,52,40,2,'2020-06-20 07:41:35'),(143,97,55,4,'2020-06-20 07:41:35'),(144,43,69,1,'2020-06-20 07:41:35'),(145,73,16,3,'2020-06-20 07:41:35'),(146,58,7,3,'2020-06-20 07:41:35'),(147,75,98,3,'2020-06-20 07:41:35'),(148,16,92,1,'2020-06-20 07:41:35'),(149,87,96,1,'2020-06-20 07:41:35'),(150,12,99,3,'2020-06-20 07:41:35'),(151,89,73,4,'2020-06-20 07:41:35'),(152,62,23,2,'2020-06-20 07:41:35'),(153,73,77,3,'2020-06-20 07:41:35'),(154,95,80,1,'2020-06-20 07:41:35'),(155,30,9,3,'2020-06-20 07:41:35'),(156,42,49,1,'2020-06-20 07:41:35'),(157,36,28,2,'2020-06-20 07:41:35'),(158,79,98,3,'2020-06-20 07:41:35'),(159,63,62,1,'2020-06-20 07:41:35'),(160,5,68,2,'2020-06-20 07:41:35'),(161,25,46,3,'2020-06-20 07:41:35'),(162,34,7,2,'2020-06-20 07:41:35'),(163,29,56,4,'2020-06-20 07:41:35'),(164,97,7,2,'2020-06-20 07:41:35'),(165,83,93,1,'2020-06-20 07:41:35'),(166,99,46,2,'2020-06-20 07:41:35'),(167,19,100,2,'2020-06-20 07:41:35'),(168,10,22,4,'2020-06-20 07:41:35'),(169,41,59,3,'2020-06-20 07:41:35'),(170,88,21,2,'2020-06-20 07:41:35'),(171,34,50,2,'2020-06-20 07:41:35'),(172,86,87,3,'2020-06-20 07:41:35'),(173,17,58,2,'2020-06-20 07:41:35'),(174,13,54,2,'2020-06-20 07:41:35'),(175,91,62,2,'2020-06-20 07:41:35'),(176,1,92,3,'2020-06-20 07:41:35'),(177,12,88,1,'2020-06-20 07:41:35'),(178,39,94,3,'2020-06-20 07:41:35'),(179,79,39,3,'2020-06-20 07:41:35'),(180,73,90,2,'2020-06-20 07:41:35'),(181,77,97,3,'2020-06-20 07:41:35'),(182,70,94,3,'2020-06-20 07:41:35'),(183,5,52,2,'2020-06-20 07:41:35'),(184,69,8,2,'2020-06-20 07:41:35'),(185,40,3,4,'2020-06-20 07:41:35'),(186,47,60,3,'2020-06-20 07:41:35'),(187,25,43,2,'2020-06-20 07:41:35'),(188,51,47,4,'2020-06-20 07:41:35'),(189,65,80,1,'2020-06-20 07:41:35'),(190,89,25,3,'2020-06-20 07:41:35'),(191,14,95,2,'2020-06-20 07:41:35'),(192,75,77,3,'2020-06-20 07:41:35'),(193,69,65,1,'2020-06-20 07:41:35'),(194,84,71,1,'2020-06-20 07:41:35'),(195,100,92,3,'2020-06-20 07:41:35'),(196,17,8,4,'2020-06-20 07:41:35'),(197,15,9,1,'2020-06-20 07:41:35'),(198,87,26,3,'2020-06-20 07:41:35'),(199,61,2,1,'2020-06-20 07:41:35'),(200,15,3,3,'2020-06-20 07:41:35');
/*!40000 ALTER TABLE `likes` ENABLE KEYS */;
UNLOCK TABLES;

--
-- Table structure for table `media`
--

DROP TABLE IF EXISTS `media`;
/*!40101 SET @saved_cs_client     = @@character_set_client */;
/*!50503 SET character_set_client = utf8mb4 */;
CREATE TABLE `media` (
  `id` int unsigned NOT NULL AUTO_INCREMENT COMMENT 'Идентификатор строки',
  `user_id` int unsigned NOT NULL COMMENT 'Ссылка на пользователя, который загрузил файл',
  `filename` varchar(255) CHARACTER SET utf8 COLLATE utf8_unicode_ci NOT NULL COMMENT 'Путь к файлу',
  `size` int NOT NULL COMMENT 'Размер файла',
  `metadata` json DEFAULT NULL,
  `media_type_id` int unsigned NOT NULL COMMENT 'Ссылка на тип контента',
  `created_at` datetime DEFAULT CURRENT_TIMESTAMP COMMENT 'Время создания строки',
  `updated_at` datetime DEFAULT CURRENT_TIMESTAMP ON UPDATE CURRENT_TIMESTAMP COMMENT 'Время обновления строки',
  PRIMARY KEY (`id`),
  KEY `media_media_type_id_fk` (`media_type_id`),
  KEY `media_user_id_fk` (`user_id`),
  CONSTRAINT `media_media_type_id_fk` FOREIGN KEY (`media_type_id`) REFERENCES `media_types` (`id`),
  CONSTRAINT `media_user_id_fk` FOREIGN KEY (`user_id`) REFERENCES `users` (`id`),
  CONSTRAINT `media_chk_1` CHECK (json_valid(`metadata`))
) ENGINE=InnoDB AUTO_INCREMENT=151 DEFAULT CHARSET=utf8 COLLATE=utf8_unicode_ci COMMENT='Медиафайлы';
/*!40101 SET character_set_client = @saved_cs_client */;

--
-- Dumping data for table `media`
--

LOCK TABLES `media` WRITE;
/*!40000 ALTER TABLE `media` DISABLE KEYS */;
INSERT INTO `media` VALUES (1,26,'http://fileshare.lol/vk/eos.avi',4071834,'{\"owner\": \"Marjolaine Kilback\"}',2,'2016-10-06 19:43:01','2020-06-14 06:29:35'),(2,177,'http://fileshare.lol/vk/doloribus.mp4',23949826,'{\"owner\": \"Hershel Raynor\"}',4,'1999-09-12 02:17:01','2020-06-14 06:29:35'),(3,144,'http://fileshare.lol/vk/ipsum.jpg',87619,'{\"owner\": \"Darien Larson\"}',1,'2012-05-18 07:05:04','2020-06-14 06:29:35'),(4,192,'http://fileshare.lol/vk/fuga.avi',269412,'{\"owner\": \"Anibal Volkman\"}',3,'1994-05-14 01:27:10','2020-06-14 06:17:21'),(5,25,'http://fileshare.lol/vk/quisquam.jpg',783577,'{\"owner\": \"Leora Wilderman\"}',2,'1997-07-29 14:37:53','2020-06-14 06:29:35'),(6,168,'http://fileshare.lol/vk/nihil.mp4',99651,'{\"owner\": \"Sylvan Turner\"}',2,'1979-06-16 15:35:01','2020-06-14 06:17:21'),(7,161,'http://fileshare.lol/vk/maxime.avi',59346912,'{\"owner\": \"Antonietta Armstrong\"}',2,'1979-05-09 12:53:32','2020-06-14 06:29:35'),(8,125,'http://fileshare.lol/vk/autem.jpg',4034683,'{\"owner\": \"Oren Harber\"}',1,'2001-10-01 13:29:17','2020-06-14 06:29:35'),(9,39,'http://fileshare.lol/vk/maiores.png',137523,'{\"owner\": \"Laury Boyle\"}',3,'1997-09-05 22:38:32','2020-06-14 06:29:35'),(10,64,'http://fileshare.lol/vk/tenetur.png',8302595,'{\"owner\": \"Nyasia Wuckert\"}',1,'2006-04-28 12:40:35','2020-06-14 06:29:35'),(11,185,'http://fileshare.lol/vk/inventore.mp3',6689,'{\"owner\": \"George Orn\"}',2,'1977-11-13 03:05:32','2020-06-14 06:17:21'),(12,131,'http://fileshare.lol/vk/quam.mp3',378664,'{\"owner\": \"Eloise Mayert\"}',1,'1972-09-02 22:57:13','2020-06-14 06:17:21'),(13,31,'http://fileshare.lol/vk/doloremque.jpg',159999,'{\"owner\": \"Diamond Von\"}',2,'2003-01-14 13:05:47','2020-06-14 06:17:21'),(14,132,'http://fileshare.lol/vk/sit.avi',795053,'{\"owner\": \"Dimitri Gutmann\"}',4,'1971-10-02 06:57:51','2020-06-14 06:29:35'),(15,100,'http://fileshare.lol/vk/dolorum.mp3',470751,'{\"owner\": \"Pablo Kiehn\"}',2,'1971-02-19 01:54:59','2020-06-14 06:17:21'),(16,155,'http://fileshare.lol/vk/sunt.mp4',207761,'{\"owner\": \"Jacey Mitchell\"}',1,'1993-09-07 09:36:48','2020-06-14 06:29:35'),(17,58,'http://fileshare.lol/vk/minus.png',616556,'{\"owner\": \"Maximus Pouros\"}',4,'2006-03-21 21:15:38','2020-06-14 06:29:35'),(18,97,'http://fileshare.lol/vk/qui.mp3',8997592,'{\"owner\": \"Dariana Miller\"}',2,'1998-05-08 22:16:30','2020-06-14 06:29:35'),(19,195,'http://fileshare.lol/vk/est.png',1245566,'{\"owner\": \"Percy Hickle\"}',2,'2019-10-27 06:16:58','2020-06-14 06:29:35'),(20,72,'http://fileshare.lol/vk/ut.mp3',25937782,'{\"owner\": \"Kareem Ferry\"}',2,'1998-10-23 07:58:04','2020-06-14 06:29:35'),(21,184,'http://fileshare.lol/vk/error.mp3',449496,'{\"owner\": \"Serenity Smith\"}',4,'1997-01-28 12:16:17','2020-06-14 06:29:35'),(22,74,'http://fileshare.lol/vk/exercitationem.mp4',387812,'{\"owner\": \"Jordi West\"}',2,'2010-03-05 02:22:44','2020-06-14 06:29:35'),(23,165,'http://fileshare.lol/vk/autem.avi',56891112,'{\"owner\": \"Sasha Gutkowski\"}',4,'1972-12-02 06:38:07','2020-06-14 06:29:35'),(24,12,'http://fileshare.lol/vk/saepe.png',580574,'{\"owner\": \"Yasmin Weissnat\"}',3,'2004-05-08 05:02:54','2020-06-14 06:29:35'),(25,107,'http://fileshare.lol/vk/recusandae.avi',311190404,'{\"owner\": \"Mariela Abshire\"}',4,'2020-02-21 09:29:45','2020-06-14 06:29:35'),(26,125,'http://fileshare.lol/vk/quia.jpg',115395,'{\"owner\": \"Oren Harber\"}',1,'1985-11-09 05:51:11','2020-06-14 06:29:35'),(27,116,'http://fileshare.lol/vk/repudiandae.jpg',620051179,'{\"owner\": \"Gage Bailey\"}',1,'1980-09-30 06:07:34','2020-06-14 06:29:35'),(28,112,'http://fileshare.lol/vk/temporibus.avi',729436,'{\"owner\": \"Francisco Reilly\"}',1,'2012-07-26 14:22:26','2020-06-14 06:29:35'),(29,94,'http://fileshare.lol/vk/sint.avi',895456,'{\"owner\": \"Vivianne Kiehn\"}',3,'2001-05-15 15:56:59','2020-06-14 06:29:35'),(30,101,'http://fileshare.lol/vk/debitis.png',505804,'{\"owner\": \"Wilbert Treutel\"}',3,'1990-12-09 14:53:46','2020-06-14 06:29:35'),(31,81,'http://fileshare.lol/vk/provident.avi',7778,'{\"owner\": \"Raul Dickens\"}',3,'1983-11-01 03:07:16','2020-06-14 06:29:35'),(32,118,'http://fileshare.lol/vk/vel.jpg',86126371,'{\"owner\": \"Luther Dooley\"}',4,'1972-05-09 02:05:50','2020-06-14 06:29:35'),(33,187,'http://fileshare.lol/vk/quibusdam.mp3',59853592,'{\"owner\": \"Kathlyn Fay\"}',3,'2008-05-14 01:24:49','2020-06-14 06:29:35'),(34,139,'http://fileshare.lol/vk/aliquam.mp4',278975,'{\"owner\": \"Luz Jones\"}',1,'1972-11-04 07:20:08','2020-06-14 06:29:35'),(35,103,'http://fileshare.lol/vk/consequatur.jpg',5062,'{\"owner\": \"Tia Murray\"}',1,'2003-01-26 14:47:36','2020-06-14 06:17:21'),(36,200,'http://fileshare.lol/vk/debitis.mp4',496595,'{\"owner\": \"Addie Rowe\"}',2,'1975-05-04 07:58:52','2020-06-14 06:29:35'),(37,50,'http://fileshare.lol/vk/culpa.png',698506,'{\"owner\": \"Tony Hahn\"}',2,'1990-11-23 23:31:21','2020-06-14 06:29:35'),(38,30,'http://fileshare.lol/vk/illum.jpg',104868,'{\"owner\": \"Favian Metz\"}',2,'1991-05-07 11:23:15','2020-06-14 06:29:35'),(39,71,'http://fileshare.lol/vk/iusto.jpg',9612301,'{\"owner\": \"Turner Auer\"}',2,'1979-04-26 14:18:16','2020-06-14 06:17:21'),(40,18,'http://fileshare.lol/vk/perferendis.avi',72991,'{\"owner\": \"Otho Beatty\"}',3,'1982-04-08 00:01:40','2020-06-14 06:29:35'),(41,115,'http://fileshare.lol/vk/est.avi',12169,'{\"owner\": \"Adelle Jakubowski\"}',3,'2020-03-22 12:36:48','2020-06-14 06:29:35'),(42,68,'http://fileshare.lol/vk/veniam.mp3',81122,'{\"owner\": \"Belle Balistreri\"}',2,'1988-10-19 17:55:42','2020-06-14 06:17:21'),(43,198,'http://fileshare.lol/vk/vel.png',67523,'{\"owner\": \"Loyal Rogahn\"}',1,'1977-12-09 17:32:12','2020-06-14 06:29:35'),(44,177,'http://fileshare.lol/vk/natus.mp3',87954,'{\"owner\": \"Hershel Raynor\"}',2,'2006-08-06 18:48:14','2020-06-14 06:29:35'),(45,23,'http://fileshare.lol/vk/qui.jpg',645608,'{\"owner\": \"Jody Keebler\"}',2,'1985-02-22 02:22:16','2020-06-14 06:29:35'),(46,85,'http://fileshare.lol/vk/iste.mp4',122520,'{\"owner\": \"Samara Conroy\"}',4,'2018-12-07 04:17:37','2020-06-14 06:17:21'),(47,133,'http://fileshare.lol/vk/tenetur.png',22204826,'{\"owner\": \"Clement Kemmer\"}',4,'2016-09-29 20:42:18','2020-06-14 06:29:35'),(48,42,'http://fileshare.lol/vk/nemo.avi',18880105,'{\"owner\": \"Willis O\'Reilly\"}',4,'1996-09-27 06:57:21','2020-06-14 06:29:35'),(49,17,'http://fileshare.lol/vk/neque.png',739273,'{\"owner\": \"Micaela Christiansen\"}',4,'1972-12-14 18:06:36','2020-06-14 06:29:35'),(50,100,'http://fileshare.lol/vk/qui.mp4',665777,'{\"owner\": \"Pablo Kiehn\"}',3,'1976-07-09 18:59:22','2020-06-14 06:29:35'),(51,191,'http://fileshare.lol/vk/natus.mp4',951325,'{\"owner\": \"Ansel Lind\"}',1,'1987-07-19 09:14:46','2020-06-14 06:29:35'),(52,5,'http://fileshare.lol/vk/recusandae.mp4',749294,'{\"owner\": \"Susie Green\"}',2,'1985-10-04 18:59:08','2020-06-14 06:17:21'),(53,172,'http://fileshare.lol/vk/autem.mp4',882494,'{\"owner\": \"Cleve Lynch\"}',1,'1982-09-26 14:03:50','2020-06-14 06:29:35'),(54,55,'http://fileshare.lol/vk/repudiandae.mp4',154591,'{\"owner\": \"Ila Von\"}',2,'2006-11-08 20:35:32','2020-06-14 06:17:21'),(55,74,'http://fileshare.lol/vk/vero.mp4',16195362,'{\"owner\": \"Jordi West\"}',3,'2009-03-01 17:26:14','2020-06-14 06:17:21'),(56,20,'http://fileshare.lol/vk/illo.png',8462,'{\"owner\": \"Cortney Jenkins\"}',2,'1997-05-07 17:26:29','2020-06-14 06:29:35'),(57,15,'http://fileshare.lol/vk/eum.mp3',76600,'{\"owner\": \"Jeanie Watsica\"}',2,'1975-07-12 00:36:27','2020-06-14 06:29:35'),(58,20,'http://fileshare.lol/vk/deleniti.mp4',599086952,'{\"owner\": \"Cortney Jenkins\"}',1,'1984-11-03 10:26:41','2020-06-14 06:17:21'),(59,67,'http://fileshare.lol/vk/ullam.png',115475,'{\"owner\": \"Maci Maggio\"}',3,'2007-04-12 12:47:16','2020-06-14 06:29:35'),(60,104,'http://fileshare.lol/vk/voluptas.jpg',103600,'{\"owner\": \"Kristoffer Smith\"}',3,'1982-05-11 20:08:45','2020-06-14 06:29:35'),(61,74,'http://fileshare.lol/vk/mollitia.png',427291,'{\"owner\": \"Jordi West\"}',4,'1981-05-12 06:50:20','2020-06-14 06:29:35'),(62,193,'http://fileshare.lol/vk/quasi.mp4',943614,'{\"owner\": \"Hollis Raynor\"}',3,'1970-10-26 06:35:49','2020-06-14 06:29:35'),(63,192,'http://fileshare.lol/vk/ut.mp3',161575,'{\"owner\": \"Anibal Volkman\"}',4,'2006-08-12 08:18:40','2020-06-14 06:29:35'),(64,125,'http://fileshare.lol/vk/nobis.png',31718,'{\"owner\": \"Oren Harber\"}',4,'2009-10-28 02:12:15','2020-06-14 06:29:35'),(65,15,'http://fileshare.lol/vk/et.jpg',410708,'{\"owner\": \"Jeanie Watsica\"}',3,'1993-12-26 10:42:18','2020-06-14 06:29:35'),(66,128,'http://fileshare.lol/vk/impedit.png',749310398,'{\"owner\": \"Shawn Harber\"}',4,'1974-04-15 03:38:12','2020-06-14 06:29:35'),(67,123,'http://fileshare.lol/vk/est.jpg',4455,'{\"owner\": \"Hildegard Friesen\"}',1,'1986-10-25 05:43:06','2020-06-14 06:29:35'),(68,46,'http://fileshare.lol/vk/unde.mp3',487078,'{\"owner\": \"Lina Gutkowski\"}',2,'1985-01-23 03:51:24','2020-06-14 06:29:35'),(69,166,'http://fileshare.lol/vk/molestiae.png',361989,'{\"owner\": \"Damion Hartmann\"}',3,'1980-05-17 18:16:51','2020-06-14 06:29:35'),(70,136,'http://fileshare.lol/vk/sed.jpg',940666,'{\"owner\": \"Abagail Miller\"}',1,'2016-07-28 02:42:55','2020-06-14 06:29:35'),(71,173,'http://fileshare.lol/vk/omnis.jpg',127655073,'{\"owner\": \"Audra Armstrong\"}',3,'2018-10-25 09:52:52','2020-06-14 06:29:35'),(72,29,'http://fileshare.lol/vk/perspiciatis.mp3',1649,'{\"owner\": \"Marianna Durgan\"}',4,'2004-08-01 13:29:27','2020-06-14 06:29:35'),(73,43,'http://fileshare.lol/vk/eum.avi',79659769,'{\"owner\": \"Art Kiehn\"}',4,'1999-11-29 17:51:51','2020-06-14 06:29:35'),(74,199,'http://fileshare.lol/vk/quibusdam.mp3',44804,'{\"owner\": \"Stephen Schroeder\"}',4,'1984-06-25 10:45:06','2020-06-14 06:17:21'),(75,44,'http://fileshare.lol/vk/quod.mp3',3143,'{\"owner\": \"Deondre Walker\"}',2,'1981-09-11 16:45:20','2020-06-14 06:29:35'),(76,199,'http://fileshare.lol/vk/totam.avi',5336764,'{\"owner\": \"Stephen Schroeder\"}',4,'1972-11-27 16:40:51','2020-06-14 06:29:35'),(77,91,'http://fileshare.lol/vk/et.jpg',232093,'{\"owner\": \"Lamont Gutmann\"}',1,'1973-11-01 05:18:41','2020-06-14 06:29:35'),(78,124,'http://fileshare.lol/vk/illum.mp3',5172170,'{\"owner\": \"Ocie Lind\"}',4,'1998-12-22 13:48:12','2020-06-14 06:29:35'),(79,25,'http://fileshare.lol/vk/dicta.mp4',328471,'{\"owner\": \"Leora Wilderman\"}',3,'1996-02-16 05:08:05','2020-06-14 06:29:35'),(80,91,'http://fileshare.lol/vk/aut.mp3',936074,'{\"owner\": \"Lamont Gutmann\"}',1,'1976-08-02 07:26:22','2020-06-14 06:29:35'),(81,72,'http://fileshare.lol/vk/magni.avi',1874,'{\"owner\": \"Kareem Ferry\"}',3,'1970-09-14 03:33:30','2020-06-14 06:29:35'),(82,44,'http://fileshare.lol/vk/et.avi',3614204,'{\"owner\": \"Deondre Walker\"}',1,'2000-06-22 10:08:03','2020-06-14 06:29:35'),(83,150,'http://fileshare.lol/vk/dolore.avi',684959,'{\"owner\": \"Leda O\'Kon\"}',3,'1971-08-31 03:26:52','2020-06-14 06:29:35'),(84,88,'http://fileshare.lol/vk/facere.mp3',735378,'{\"owner\": \"Fiona Stehr\"}',3,'2008-04-22 15:36:11','2020-06-14 06:29:35'),(85,190,'http://fileshare.lol/vk/voluptas.avi',606573,'{\"owner\": \"Therese Muller\"}',4,'2015-02-02 20:37:27','2020-06-14 06:29:35'),(86,156,'http://fileshare.lol/vk/magni.jpg',967989,'{\"owner\": \"Teagan Bahringer\"}',4,'2002-01-15 21:57:15','2020-06-14 06:29:35'),(87,179,'http://fileshare.lol/vk/quibusdam.png',10225,'{\"owner\": \"Freddy McClure\"}',2,'1976-12-14 00:19:47','2020-06-14 06:29:35'),(88,148,'http://fileshare.lol/vk/sapiente.mp3',137159,'{\"owner\": \"Kenton VonRueden\"}',3,'1987-09-21 01:40:17','2020-06-14 06:29:35'),(89,32,'http://fileshare.lol/vk/laborum.jpg',7016,'{\"owner\": \"Tobin McDermott\"}',1,'2010-05-26 04:53:56','2020-06-14 06:29:35'),(90,131,'http://fileshare.lol/vk/blanditiis.jpg',9749,'{\"owner\": \"Eloise Mayert\"}',2,'2002-11-11 04:11:03','2020-06-14 06:29:35'),(91,49,'http://fileshare.lol/vk/quidem.mp4',227226227,'{\"owner\": \"Pasquale Homenick\"}',4,'1983-04-19 18:17:32','2020-06-14 06:29:35'),(92,193,'http://fileshare.lol/vk/deserunt.avi',631254523,'{\"owner\": \"Hollis Raynor\"}',4,'2004-06-19 23:31:13','2020-06-14 06:29:35'),(93,120,'http://fileshare.lol/vk/fuga.avi',1269,'{\"owner\": \"Judah Brekke\"}',3,'2011-05-28 23:16:44','2020-06-14 06:29:35'),(94,21,'http://fileshare.lol/vk/voluptatem.mp4',645120,'{\"owner\": \"Shayne Price\"}',2,'1979-10-15 18:12:54','2020-06-14 06:29:35'),(95,164,'http://fileshare.lol/vk/incidunt.png',804125,'{\"owner\": \"Jett Haley\"}',4,'1987-08-08 16:04:27','2020-06-14 06:17:21'),(96,184,'http://fileshare.lol/vk/et.mp3',217499971,'{\"owner\": \"Serenity Smith\"}',4,'1985-03-26 19:28:54','2020-06-14 06:29:35'),(97,128,'http://fileshare.lol/vk/sed.jpg',75266,'{\"owner\": \"Shawn Harber\"}',2,'1991-12-22 05:11:28','2020-06-14 06:29:35'),(98,29,'http://fileshare.lol/vk/odit.mp4',7553,'{\"owner\": \"Marianna Durgan\"}',4,'1982-03-07 05:12:49','2020-06-14 06:29:35'),(99,117,'http://fileshare.lol/vk/enim.jpg',953956,'{\"owner\": \"Lou Hudson\"}',3,'2014-06-22 09:36:03','2020-06-14 06:29:35'),(100,194,'http://fileshare.lol/vk/ut.avi',427365438,'{\"owner\": \"Jerod Deckow\"}',1,'1989-09-26 13:42:18','2020-06-14 06:29:35'),(101,139,'http://fileshare.lol/vk/qui.png',533983,'{\"owner\": \"Luz Jones\"}',2,'2018-02-22 07:13:26','2020-06-14 06:29:35'),(102,67,'http://fileshare.lol/vk/necessitatibus.png',798046,'{\"owner\": \"Maci Maggio\"}',2,'2018-09-18 18:12:25','2020-06-14 06:29:35'),(103,133,'http://fileshare.lol/vk/sed.png',378281,'{\"owner\": \"Clement Kemmer\"}',2,'1997-03-29 22:55:07','2020-06-14 06:29:35'),(104,138,'http://fileshare.lol/vk/fugit.mp4',487268,'{\"owner\": \"Nikki Mueller\"}',4,'2016-10-08 20:23:42','2020-06-14 06:29:35'),(105,160,'http://fileshare.lol/vk/molestias.mp3',433963,'{\"owner\": \"Marietta Gorczany\"}',4,'1998-05-29 02:47:44','2020-06-14 06:29:35'),(106,40,'http://fileshare.lol/vk/eaque.avi',291497,'{\"owner\": \"Jermain Zemlak\"}',1,'1987-02-14 18:35:43','2020-06-14 06:17:21'),(107,197,'http://fileshare.lol/vk/eos.avi',985684,'{\"owner\": \"Rey Yundt\"}',3,'1984-10-22 13:14:13','2020-06-14 06:29:35'),(108,147,'http://fileshare.lol/vk/aut.avi',2751,'{\"owner\": \"Brandon Murazik\"}',1,'2007-09-07 01:27:44','2020-06-14 06:29:35'),(109,148,'http://fileshare.lol/vk/quis.png',43927,'{\"owner\": \"Kenton VonRueden\"}',4,'1982-04-01 18:16:32','2020-06-14 06:29:35'),(110,61,'http://fileshare.lol/vk/sunt.avi',252584,'{\"owner\": \"Leland Denesik\"}',2,'1970-08-02 04:23:16','2020-06-14 06:29:35'),(111,78,'http://fileshare.lol/vk/qui.mp3',121138,'{\"owner\": \"Myrtice Windler\"}',2,'1979-06-14 10:13:23','2020-06-14 06:17:21'),(112,146,'http://fileshare.lol/vk/ducimus.jpg',129215,'{\"owner\": \"Henderson Collier\"}',1,'2005-03-25 07:40:28','2020-06-14 06:17:21'),(113,72,'http://fileshare.lol/vk/exercitationem.mp4',837942,'{\"owner\": \"Kareem Ferry\"}',3,'1981-07-09 01:30:45','2020-06-14 06:29:35'),(114,84,'http://fileshare.lol/vk/minus.mp3',64724,'{\"owner\": \"Felicity Lang\"}',2,'1996-09-10 04:32:23','2020-06-14 06:29:35'),(115,91,'http://fileshare.lol/vk/minima.jpg',816294,'{\"owner\": \"Lamont Gutmann\"}',1,'2002-03-12 12:27:11','2020-06-14 06:29:35'),(116,93,'http://fileshare.lol/vk/quam.mp4',148116734,'{\"owner\": \"Eryn Reilly\"}',4,'2010-06-08 21:45:49','2020-06-14 06:29:35'),(117,25,'http://fileshare.lol/vk/quis.mp4',557645,'{\"owner\": \"Leora Wilderman\"}',1,'1970-08-04 21:02:16','2020-06-14 06:29:35'),(118,146,'http://fileshare.lol/vk/in.avi',329344,'{\"owner\": \"Henderson Collier\"}',3,'2007-11-18 21:37:37','2020-06-14 06:29:35'),(119,173,'http://fileshare.lol/vk/sed.avi',4606647,'{\"owner\": \"Audra Armstrong\"}',2,'1981-07-22 00:33:32','2020-06-14 06:29:35'),(120,121,'http://fileshare.lol/vk/sed.png',67805961,'{\"owner\": \"Damian Cartwright\"}',2,'1974-11-26 03:43:25','2020-06-14 06:29:35'),(121,151,'http://fileshare.lol/vk/sint.jpg',556051,'{\"owner\": \"Roslyn Rowe\"}',4,'1987-03-22 10:27:23','2020-06-14 06:29:35'),(122,140,'http://fileshare.lol/vk/eos.avi',6246,'{\"owner\": \"Eveline Kunde\"}',2,'2006-11-22 08:03:41','2020-06-14 06:29:35'),(123,192,'http://fileshare.lol/vk/ea.jpg',492004,'{\"owner\": \"Anibal Volkman\"}',2,'1984-04-21 01:12:44','2020-06-14 06:29:35'),(124,64,'http://fileshare.lol/vk/ut.jpg',31806,'{\"owner\": \"Nyasia Wuckert\"}',3,'1991-03-17 19:57:27','2020-06-14 06:29:35'),(125,54,'http://fileshare.lol/vk/accusantium.jpg',963783,'{\"owner\": \"Juana Schuster\"}',1,'1975-10-19 13:19:31','2020-06-14 06:29:35'),(126,50,'http://fileshare.lol/vk/occaecati.avi',364182,'{\"owner\": \"Tony Hahn\"}',3,'1989-12-10 03:21:12','2020-06-14 06:29:35'),(127,169,'http://fileshare.lol/vk/tenetur.mp3',1497,'{\"owner\": \"Ottis Lebsack\"}',4,'1971-01-07 03:53:36','2020-06-14 06:29:35'),(128,137,'http://fileshare.lol/vk/voluptatem.mp4',820887,'{\"owner\": \"Mittie Mueller\"}',4,'2011-06-25 00:23:51','2020-06-14 06:29:35'),(129,171,'http://fileshare.lol/vk/quia.mp4',44094564,'{\"owner\": \"Billy Maggio\"}',4,'1987-08-10 19:27:40','2020-06-14 06:29:35'),(130,28,'http://fileshare.lol/vk/voluptas.png',13599330,'{\"owner\": \"Rodolfo Herman\"}',4,'1994-09-16 06:02:41','2020-06-14 06:29:35'),(131,96,'http://fileshare.lol/vk/quaerat.mp3',203083,'{\"owner\": \"Marlene Langworth\"}',2,'2005-07-25 02:17:32','2020-06-14 06:29:35'),(132,89,'http://fileshare.lol/vk/qui.png',542758,'{\"owner\": \"Landen Smitham\"}',3,'2000-09-08 20:20:36','2020-06-14 06:29:35'),(133,80,'http://fileshare.lol/vk/sit.jpg',6257,'{\"owner\": \"Alison Funk\"}',2,'1984-12-04 14:48:16','2020-06-14 06:17:21'),(134,77,'http://fileshare.lol/vk/consequuntur.avi',2351409,'{\"owner\": \"Quentin Rice\"}',3,'2002-12-29 22:01:12','2020-06-14 06:29:35'),(135,118,'http://fileshare.lol/vk/aut.jpg',593186188,'{\"owner\": \"Luther Dooley\"}',3,'1982-01-15 13:48:13','2020-06-14 06:29:35'),(136,184,'http://fileshare.lol/vk/quos.mp3',94539,'{\"owner\": \"Serenity Smith\"}',1,'2011-12-14 12:01:14','2020-06-14 06:29:35'),(137,157,'http://fileshare.lol/vk/animi.avi',9625257,'{\"owner\": \"Kellie Johnson\"}',4,'2009-03-20 13:00:25','2020-06-14 06:29:35'),(138,16,'http://fileshare.lol/vk/est.mp4',671562591,'{\"owner\": \"Chaya Gottlieb\"}',3,'2012-09-02 05:08:52','2020-06-14 06:29:35'),(139,11,'http://fileshare.lol/vk/ab.png',879673656,'{\"owner\": \"Obie Satterfield\"}',3,'2020-04-28 20:56:18','2020-06-14 06:17:21'),(140,87,'http://fileshare.lol/vk/est.avi',35510,'{\"owner\": \"Gail Corkery\"}',4,'2016-12-08 15:08:20','2020-06-14 06:29:35'),(141,4,'http://fileshare.lol/vk/omnis.png',834421,'{\"owner\": \"Ford Abernathy\"}',2,'2000-09-22 07:30:47','2020-06-14 06:29:35'),(142,194,'http://fileshare.lol/vk/laboriosam.jpg',878490,'{\"owner\": \"Jerod Deckow\"}',3,'2006-12-19 06:51:33','2020-06-14 06:29:35'),(143,133,'http://fileshare.lol/vk/non.mp4',427305432,'{\"owner\": \"Clement Kemmer\"}',1,'1978-08-12 18:00:45','2020-06-14 06:29:35'),(144,13,'http://fileshare.lol/vk/corrupti.mp4',4583,'{\"owner\": \"Timmothy Romaguera\"}',4,'1983-06-25 02:27:15','2020-06-14 06:17:21'),(145,149,'http://fileshare.lol/vk/assumenda.mp3',750737308,'{\"owner\": \"Jalyn Koss\"}',2,'2003-05-08 02:13:48','2020-06-14 06:17:21'),(146,163,'http://fileshare.lol/vk/architecto.png',16158,'{\"owner\": \"Daphne Yundt\"}',3,'1972-08-26 18:47:03','2020-06-14 06:29:35'),(147,161,'http://fileshare.lol/vk/voluptas.mp4',879189,'{\"owner\": \"Antonietta Armstrong\"}',2,'2016-06-26 20:08:48','2020-06-14 06:17:21'),(148,164,'http://fileshare.lol/vk/veritatis.jpg',750474,'{\"owner\": \"Jett Haley\"}',1,'1992-10-02 18:52:47','2020-06-14 06:29:35'),(149,86,'http://fileshare.lol/vk/aut.mp4',104805,'{\"owner\": \"Chandler Sipes\"}',3,'1989-06-05 14:23:53','2020-06-14 06:29:35'),(150,92,'http://fileshare.lol/vk/vitae.png',1926041,'{\"owner\": \"Sammie Keeling\"}',2,'1985-06-20 02:19:46','2020-06-14 06:29:35');
/*!40000 ALTER TABLE `media` ENABLE KEYS */;
UNLOCK TABLES;

--
-- Table structure for table `media_types`
--

DROP TABLE IF EXISTS `media_types`;
/*!40101 SET @saved_cs_client     = @@character_set_client */;
/*!50503 SET character_set_client = utf8mb4 */;
CREATE TABLE `media_types` (
  `id` int unsigned NOT NULL AUTO_INCREMENT COMMENT 'Идентификатор строки',
  `name` varchar(255) CHARACTER SET utf8 COLLATE utf8_unicode_ci NOT NULL COMMENT 'Название типа',
  `created_at` datetime DEFAULT CURRENT_TIMESTAMP COMMENT 'Время создания строки',
  `updated_at` datetime DEFAULT CURRENT_TIMESTAMP ON UPDATE CURRENT_TIMESTAMP COMMENT 'Время обновления строки',
  PRIMARY KEY (`id`),
  UNIQUE KEY `name` (`name`)
) ENGINE=InnoDB AUTO_INCREMENT=5 DEFAULT CHARSET=utf8 COLLATE=utf8_unicode_ci COMMENT='Типы медиафайлов';
/*!40101 SET character_set_client = @saved_cs_client */;

--
-- Dumping data for table `media_types`
--

LOCK TABLES `media_types` WRITE;
/*!40000 ALTER TABLE `media_types` DISABLE KEYS */;
INSERT INTO `media_types` VALUES (1,'audio','2020-06-14 06:28:03','2020-06-14 06:28:03'),(2,'video','2020-06-14 06:28:03','2020-06-14 06:28:03'),(3,'photo','2020-06-14 06:28:03','2020-06-14 06:28:03'),(4,'emodzi','2020-06-14 06:28:03','2020-06-14 06:28:03');
/*!40000 ALTER TABLE `media_types` ENABLE KEYS */;
UNLOCK TABLES;

--
-- Table structure for table `messages`
--

DROP TABLE IF EXISTS `messages`;
/*!40101 SET @saved_cs_client     = @@character_set_client */;
/*!50503 SET character_set_client = utf8mb4 */;
CREATE TABLE `messages` (
  `id` int unsigned NOT NULL AUTO_INCREMENT COMMENT 'Идентификатор строки',
  `from_user_id` int unsigned NOT NULL COMMENT 'Ссылка на отправителя сообщения',
  `to_user_id` int unsigned NOT NULL COMMENT 'Ссылка на получателя сообщения',
  `body` text CHARACTER SET utf8 COLLATE utf8_unicode_ci NOT NULL COMMENT 'Текст сообщения',
  `media_id` int unsigned DEFAULT NULL,
  `is_important` tinyint(1) DEFAULT NULL COMMENT 'Признак важности',
  `is_delivered` tinyint(1) DEFAULT NULL COMMENT 'Признак доставки',
  `created_at` datetime DEFAULT CURRENT_TIMESTAMP COMMENT 'Время создания строки',
  PRIMARY KEY (`id`),
  KEY `messages_from_user_id_fk` (`from_user_id`),
  KEY `messages_to_user_id_fk` (`to_user_id`),
  KEY `messages_media_id_fk` (`media_id`),
  CONSTRAINT `messages_from_user_id_fk` FOREIGN KEY (`from_user_id`) REFERENCES `users` (`id`),
  CONSTRAINT `messages_media_id_fk` FOREIGN KEY (`media_id`) REFERENCES `media` (`id`),
  CONSTRAINT `messages_to_user_id_fk` FOREIGN KEY (`to_user_id`) REFERENCES `users` (`id`)
) ENGINE=InnoDB AUTO_INCREMENT=201 DEFAULT CHARSET=utf8 COLLATE=utf8_unicode_ci COMMENT='Сообщения';
/*!40101 SET character_set_client = @saved_cs_client */;

--
-- Dumping data for table `messages`
--

LOCK TABLES `messages` WRITE;
/*!40000 ALTER TABLE `messages` DISABLE KEYS */;
INSERT INTO `messages` VALUES (1,149,85,'Qui architecto et qui pariatur nemo occaecati nobis voluptatem. Laboriosam omnis tempore voluptates ut ea.',91,0,0,'1997-01-12 15:45:43'),(2,92,178,'Nihil est ea incidunt. Dolore magnam voluptas quisquam debitis cum doloremque. Ut alias voluptatum sed.',52,0,1,'2010-03-14 16:49:42'),(3,174,127,'Perspiciatis inventore ut dignissimos labore ut. Id eius suscipit laboriosam. Voluptas qui saepe deleniti qui accusamus delectus. Quos facilis voluptas eos ullam ab delectus molestiae possimus.',88,0,0,'1998-10-13 01:42:08'),(4,144,117,'Deleniti nostrum voluptatum inventore aspernatur aut ut. Eum cumque ut sequi omnis velit. Quo ut dolores sapiente temporibus.',81,0,1,'2009-09-02 05:14:37'),(5,83,59,'Molestiae velit ut quo fugit consequatur quia. Neque qui consequatur mollitia consequatur quasi occaecati. Ab fuga culpa ut laboriosam enim odit voluptatem est. Deserunt cumque amet hic ipsa quos non sint explicabo.',39,1,1,'2019-11-07 08:13:31'),(6,73,68,'Facilis blanditiis error officia cumque aliquid. Beatae et blanditiis iste ducimus error in.',55,0,1,'1979-02-15 04:15:01'),(7,144,153,'Ipsam architecto sunt repellendus enim. Sunt quam fugit quasi praesentium qui. Error cupiditate unde aut placeat dolores. Ab voluptas sed qui quis. Maiores omnis maxime reprehenderit officia.',56,1,1,'2016-02-04 11:58:40'),(8,41,79,'Est ea ducimus voluptatem eius. Officiis consequatur et et totam nihil repellendus eum. Est neque cumque molestiae ea dolorem est. Veritatis pariatur quia voluptas asperiores blanditiis.',16,0,0,'1971-08-23 18:26:25'),(9,150,18,'Nihil doloremque id fugit fugiat. Doloremque est quae pariatur enim corrupti quisquam accusamus.',10,1,0,'2009-06-04 22:07:31'),(10,31,40,'Culpa tenetur dolorem et nemo qui occaecati provident. Assumenda magni nisi voluptas neque nostrum quod ipsam voluptatum.',3,0,0,'1990-08-11 08:26:03'),(11,69,128,'Accusamus illum voluptatem nihil ut. Molestiae velit qui rerum esse ut tenetur sunt. Alias et quisquam eaque aperiam quos quo blanditiis. Iste est molestiae voluptas pariatur qui modi.',84,1,1,'1975-11-17 08:42:57'),(12,9,142,'Dolor veniam tempora nihil ut omnis dolore. Sequi quia saepe laborum enim quidem ad. Voluptatem incidunt sunt animi non nostrum ut. Deserunt porro nisi omnis exercitationem voluptatibus qui tempore.',11,1,1,'2017-01-25 00:28:54'),(13,128,31,'Accusantium facere quo suscipit sit. Doloremque corrupti eius aut quis quia eius. Cumque corporis doloremque eius neque rerum possimus qui. Et quia dolorum et voluptatibus accusantium sint.',1,0,0,'1980-05-06 23:15:57'),(14,74,145,'Culpa amet quaerat omnis enim. Nemo omnis soluta autem. Aut sed iure tempore commodi in eius iusto.',70,1,0,'1975-08-20 14:45:22'),(15,78,48,'Suscipit nulla debitis iste nostrum. Consectetur nisi velit in quo aut quam. Impedit eos explicabo voluptatem eum et. Et dolores enim aut reprehenderit voluptatibus ad. Consequatur totam ad et in.',49,0,1,'2000-11-24 09:33:35'),(16,162,26,'Consequatur quia tempore iusto sint at blanditiis. Porro qui sed voluptatem quibusdam rem. Voluptatum suscipit eligendi facilis vel aut. Velit consequatur et ratione in unde ea dolor.',32,0,0,'1986-11-18 18:20:56'),(17,133,53,'Qui pariatur aut sit commodi exercitationem fugiat deleniti pariatur. Et hic necessitatibus tempore. Expedita atque vero dolor expedita eos totam.',13,0,0,'2009-08-04 21:08:57'),(18,4,106,'Recusandae in eveniet totam atque voluptas. Quia rerum et vel magni veniam cupiditate eaque adipisci. Culpa nesciunt consectetur temporibus impedit.',71,0,0,'1988-06-18 18:21:51'),(19,180,147,'Eos voluptas eum sunt quia et voluptatem ad. Blanditiis autem magni hic aut molestiae autem et delectus. Voluptas exercitationem vero ut commodi impedit sed dolore beatae. Explicabo et id officia ut enim.',13,0,1,'1970-12-02 12:04:37'),(20,23,62,'Dicta commodi vel aut fuga quo voluptatem molestiae. Asperiores soluta consequuntur qui ut temporibus voluptas ab. Asperiores impedit delectus corporis cum illum. Odit dolorem dolore officiis aliquid laborum.',53,1,1,'1981-03-11 22:18:41'),(21,6,95,'Delectus eaque et molestiae numquam tempora maxime quo excepturi. Aspernatur esse ratione quidem. Odio non nulla explicabo et magnam omnis.',26,0,1,'2010-04-12 03:49:38'),(22,129,150,'Delectus accusantium consectetur voluptates veritatis. Magnam a aut eos consequatur est qui illo. Earum pariatur quasi minus vero tenetur. Similique ipsum optio et ut ut vitae dignissimos.',71,0,1,'2013-01-15 23:29:38'),(23,48,170,'Dolores sit velit reiciendis consectetur. Dignissimos quia quia at praesentium deserunt est est dolor. Sit excepturi reprehenderit doloribus ea consectetur distinctio quos consequatur. Pariatur vel voluptatem sapiente qui aut tenetur.',74,0,0,'1996-02-10 04:46:07'),(24,28,197,'Perferendis consectetur ducimus aut. Mollitia doloremque pariatur nisi sint aut. Maiores quo rerum voluptatem voluptates libero ipsum ea.',60,1,0,'2011-12-18 06:59:58'),(25,188,58,'Voluptatem velit qui reprehenderit aut sed fugiat ut. Dolores accusantium atque qui aliquid molestias voluptatem quia. Et dignissimos sed possimus occaecati qui explicabo pariatur consequuntur. Voluptatem excepturi velit sed debitis architecto distinctio voluptates quia.',74,1,1,'1990-05-06 07:30:13'),(26,37,56,'Eos quae culpa reiciendis ipsum consequuntur. Minus earum necessitatibus corrupti eligendi praesentium id nesciunt. Vel neque quia iure et et aspernatur.',92,1,1,'1971-07-16 01:47:27'),(27,186,45,'Quibusdam dolor repellat quia quos est dolor. Molestiae enim animi enim voluptatem enim. Soluta id sit debitis aut. Voluptatem omnis sint adipisci aliquam pariatur qui molestiae ullam.',38,0,0,'2005-10-29 08:03:42'),(28,197,113,'Sint rerum ut minima incidunt et quasi. Quae ea voluptas eum nihil ut. Maxime molestiae porro ipsum adipisci excepturi qui doloremque.',12,1,1,'2019-12-07 02:53:12'),(29,76,71,'Doloribus voluptatibus sed neque neque eius provident. Voluptas sed est dolorum consequatur blanditiis consequatur id. Et et est in ex quibusdam nihil.',46,1,1,'2010-08-07 17:30:45'),(30,58,153,'Qui ad aperiam facilis excepturi vel ad magni. Vel eius odio sit tenetur. Asperiores repudiandae autem pariatur accusantium sit voluptas in.',94,1,0,'1974-06-11 22:32:23'),(31,118,20,'Ducimus vitae in adipisci consequatur nemo corporis. Laborum et ratione repellat facere qui minima. Dicta veniam distinctio deserunt et ut. Repellat aut dicta saepe ut.',29,0,1,'2009-06-27 22:38:53'),(32,179,50,'Est est voluptas dicta temporibus adipisci. Est autem pariatur est sit unde atque ut possimus. Non nisi earum voluptas rerum suscipit laborum ratione repellendus. Dolore ipsam assumenda aperiam molestiae.',65,0,0,'1999-01-14 13:09:52'),(33,72,182,'Cumque molestiae et blanditiis omnis. Harum quia omnis quaerat distinctio ducimus ut. In dignissimos quaerat dolores id libero.',36,1,1,'1989-02-09 18:31:20'),(34,156,51,'Reprehenderit ea et a consequatur asperiores aperiam eveniet. Fuga maiores assumenda illum consequatur ab sit et. Non voluptate nihil velit.',84,1,0,'2007-10-13 04:03:46'),(35,129,178,'Est et nulla error rerum iusto sint quos. Consequatur id molestiae et quo vero veniam provident. Ut assumenda porro optio ad laboriosam iusto et.',11,0,1,'1985-01-07 18:56:59'),(36,113,135,'Molestiae fugiat sed velit et. Rerum doloribus soluta aperiam in. Dolores cumque odit ullam aliquid quasi voluptatum.',3,1,1,'1974-07-20 13:54:51'),(37,73,42,'Repellendus quod optio hic nobis ipsam a. Temporibus qui laboriosam temporibus. Ut doloribus vitae quasi et voluptate vel aut.',82,1,1,'1980-06-28 21:39:09'),(38,84,121,'Quia cum impedit repudiandae minima et voluptas. Fugit est hic officia accusantium quaerat harum aut. Quod occaecati nisi dolorem commodi repellendus aut explicabo.',1,1,0,'1977-06-01 02:59:16'),(39,11,111,'Ut provident id a dicta. Facilis porro maiores velit omnis illo. Et labore autem eos aut qui. Veniam qui ut incidunt rerum.',58,0,1,'1976-04-21 04:12:50'),(40,118,198,'Officia commodi tenetur voluptas nulla harum. Et odit ut adipisci expedita omnis odio. Aut eaque rerum velit eum non tempora. Aut voluptatem dicta velit reprehenderit non sed.',86,1,0,'1973-01-26 07:41:45'),(41,169,154,'Quas amet enim esse sed earum maxime deleniti magni. Est quis iure nemo enim ut repellendus. Officia blanditiis sunt dolorem velit porro ab. Ut asperiores minima voluptatem suscipit laudantium ut fugiat. Nobis et tenetur ut et qui voluptatem ipsum.',58,0,1,'1973-12-01 18:03:42'),(42,53,154,'Molestiae et itaque suscipit ut. Maiores iste numquam velit eligendi. Ipsa et est ad nemo nulla. In temporibus sequi ut.',29,0,1,'2011-10-17 08:07:36'),(43,199,50,'Et sed nesciunt iure molestias reprehenderit. Aperiam dolores voluptate id deserunt quasi. Ad in rerum eveniet molestiae. Nemo vel a velit facilis repellat.',69,1,1,'2005-02-12 05:54:09'),(44,67,74,'Vitae dolor sequi soluta officia. Consequatur praesentium et aperiam consectetur inventore. Quibusdam eligendi qui tempora. Voluptas itaque non est provident est.',61,1,0,'2011-08-11 00:32:43'),(45,120,125,'Nobis sequi ab omnis corporis accusamus. Consequatur aut nihil a tenetur sit soluta. Omnis et itaque delectus autem distinctio consequatur quas. Eaque labore id est neque accusantium.',95,1,0,'2015-01-17 01:11:41'),(46,27,38,'Id sed ea doloremque officia odio. Voluptate voluptatem magni rem reiciendis quis suscipit. Est quod non illum non autem veniam. Odio natus magni enim architecto sunt est.',92,1,1,'2014-04-01 08:01:55'),(47,144,6,'Omnis ut reprehenderit accusamus omnis qui earum. Modi earum ut quibusdam exercitationem qui qui. Quia officia voluptatem qui animi.',75,1,1,'2009-06-21 21:58:24'),(48,88,15,'Minima sed dolorem non neque molestiae commodi. Assumenda accusantium autem in provident laboriosam laborum minima quia. Dolorem unde nam earum impedit dolorem.',98,1,1,'2003-03-02 05:08:35'),(49,188,43,'Harum amet excepturi sed aut. Doloribus cum iusto sint sunt consequuntur quae ut. Repudiandae ipsum quam est minima occaecati.',65,0,1,'1993-04-14 21:30:47'),(50,66,117,'Voluptas molestias voluptatem recusandae facilis. Facilis minima voluptatem dolores odio corporis neque consequatur soluta. Laborum commodi corporis assumenda sit tempore commodi voluptates.',31,0,1,'1992-01-03 23:53:19'),(51,21,178,'Nihil vel rem aut aut expedita et numquam cumque. Qui et dolor sint omnis quibusdam aspernatur placeat. Maxime nam et quaerat maiores. Molestiae eos quis voluptatibus quas ea architecto quia.',60,1,1,'1981-11-28 20:08:27'),(52,51,94,'Beatae et consectetur nihil quidem iste quo. Accusamus rerum fugit autem qui rerum ea. Molestias repellat placeat voluptatem dicta mollitia.',7,1,1,'1998-12-18 22:55:41'),(53,20,135,'Laboriosam ex reprehenderit totam libero facere. Officiis quia cupiditate quia sint dolorem. Qui quaerat aut animi vel. Dignissimos optio et sed vel totam rem totam.',55,1,0,'2013-04-23 04:43:58'),(54,15,30,'Ab autem doloremque aperiam. Iure sunt dolorem ut sit labore. Quisquam quibusdam ut totam possimus tempore ut. Nisi harum sunt quasi.',53,0,0,'1992-10-19 03:19:27'),(55,45,132,'Voluptas voluptatem unde tenetur aut odio beatae neque distinctio. Illo est aut aut commodi labore eos natus. Magnam nihil fugiat repellendus itaque corporis laborum.',97,0,0,'1975-11-14 19:03:29'),(56,28,14,'Fugiat exercitationem aperiam aut omnis tenetur. Vel modi voluptatem quod error ipsam. Ex consectetur sit voluptatem eligendi minus excepturi quibusdam. Rerum tempore in id hic.',27,0,1,'2009-10-19 09:43:41'),(57,86,80,'Perspiciatis nostrum fugit modi voluptatum vel doloremque. Labore qui quia sapiente aut excepturi. Aut commodi praesentium assumenda. Perferendis veritatis sint quibusdam.',45,1,0,'1971-02-25 04:06:24'),(58,167,85,'Delectus ipsa sapiente provident doloremque incidunt sit. Aliquid occaecati eligendi sunt veniam rem. In non sed molestiae enim.',41,1,1,'2010-09-09 00:20:35'),(59,130,33,'Perferendis recusandae ut et dolores. Autem quia necessitatibus doloribus eum et et. Et neque officia omnis sequi inventore velit ut. Esse ab est inventore ut ducimus reprehenderit.',70,0,0,'2017-12-19 02:18:56'),(60,159,50,'Ad atque sunt quam itaque sit. Dolorum aut laudantium sit et deserunt ad. Repellat ut modi ducimus labore.',27,0,1,'2015-04-15 05:30:18'),(61,157,185,'Aut et doloremque impedit voluptate qui odit. Beatae consequatur porro voluptatem modi sint eveniet quia. Corporis at non et saepe accusamus laborum temporibus. Non recusandae asperiores doloremque quibusdam.',24,0,0,'1988-05-19 13:58:50'),(62,87,101,'Voluptatibus deleniti hic quia. Cumque necessitatibus minus accusantium magni. Pariatur dolores sunt blanditiis incidunt et officia. Eaque in quas eveniet sapiente laudantium vel aut. Labore accusantium omnis amet consequatur a iusto.',38,1,0,'1990-04-02 16:54:50'),(63,191,175,'Ut provident consequuntur nulla velit. Ea hic ut unde eos. Debitis nam culpa tempora et. Repudiandae aut ut ipsum quos magni. Ullam ducimus et pariatur quod molestias corrupti reiciendis.',17,1,1,'1984-07-16 10:30:32'),(64,115,179,'Aut fugiat dolores quas. Ab et adipisci temporibus et. Accusantium sint error repellendus laboriosam optio ex quas distinctio. Nihil cum autem aut temporibus corrupti.',71,0,0,'1979-07-12 08:03:32'),(65,18,181,'Minima accusantium quam tempora dolor eligendi quia. Ut dolor ut non nobis. Et nisi vel et ut at non velit corporis. Id corporis veritatis quia enim.',4,1,1,'1988-05-08 02:22:58'),(66,95,39,'Placeat et reprehenderit praesentium qui ut esse. Sed enim amet ullam quis dignissimos error. A omnis vero facere dignissimos expedita.',5,1,0,'1982-10-17 09:29:05'),(67,159,145,'Voluptatum est accusamus et consequuntur facilis doloremque officiis. Nam sequi molestiae laudantium dolores quia. Nobis quia consequatur est vel ad natus pariatur. Voluptas eaque aut totam quo illo porro inventore.',12,1,0,'1982-03-14 16:06:55'),(68,132,178,'Est magni occaecati suscipit cupiditate odio dignissimos. Dolores natus perferendis sed quaerat similique quam accusamus. Quam eius aut delectus expedita.',47,0,1,'2019-11-15 01:27:25'),(69,79,146,'Eaque et id dignissimos similique est. Magni necessitatibus excepturi quis quia inventore. Nihil voluptas harum illum voluptatem dolorum distinctio. Recusandae mollitia inventore officia quas dolor.',95,1,1,'1985-03-15 06:36:28'),(70,7,124,'Laudantium modi et praesentium libero reiciendis esse assumenda. Et dolorem qui nulla sed occaecati. Sed aut officia fugiat nisi cumque cum excepturi.',37,1,1,'2007-09-08 04:43:49'),(71,78,35,'Est et eos omnis hic. Sunt animi et voluptate adipisci velit voluptatum cum. Aut a accusantium aut nihil. Maiores quia voluptatem sit necessitatibus aut blanditiis sit et. Quasi corrupti nihil error aut sit at magni.',99,1,0,'1983-01-26 10:23:51'),(72,137,164,'Ipsum similique architecto quod cupiditate. Minus quae veritatis dicta dolore. Sed quia est et.',81,0,1,'1991-07-09 19:57:47'),(73,115,104,'Est veritatis nostrum accusamus sed est sapiente esse. Nulla ut maiores suscipit. Nostrum dignissimos voluptates officiis ut voluptatem saepe modi fugiat.',9,0,1,'1986-11-05 01:41:08'),(74,48,44,'Dolorem quas rem suscipit. Id dolores enim similique at maxime et eum. Ipsum assumenda vel dignissimos quisquam aut laborum cum non.',3,0,1,'2005-03-16 00:05:50'),(75,137,6,'Dolor facilis officia aut labore. Veniam distinctio corporis minus minus.',88,1,1,'2008-11-20 13:51:13'),(76,93,94,'Animi et perferendis ut ut consequatur velit. Libero ex perspiciatis rem veritatis. Quo voluptas ut sed et dignissimos.',30,1,1,'2006-10-02 00:28:17'),(77,191,180,'Eius id cum dignissimos laboriosam. Cum inventore amet magnam ipsa sint. Explicabo dolores soluta repudiandae asperiores natus doloribus.',85,1,0,'1987-03-25 22:36:47'),(78,194,181,'Modi alias dolorum ipsam excepturi cum quam qui. Mollitia omnis repudiandae saepe et. Voluptas in ut cupiditate velit voluptate. Sunt nisi hic deserunt eos voluptatum. Dolorem magni eveniet quam.',33,1,1,'1983-08-09 00:02:51'),(79,154,109,'Ea quis facere qui quis repellendus ut magni neque. Debitis et corporis ut enim. Nostrum delectus beatae dolore atque. Omnis rem unde sunt nobis et beatae.',10,0,0,'1984-03-13 03:17:59'),(80,159,172,'Dolor ab et est libero sed. In debitis sed consequuntur mollitia numquam. Error delectus et nostrum in est iste. Pariatur enim dolore minus nesciunt. Ullam illo quasi et illo ea consequuntur illum.',51,0,1,'2006-02-20 06:08:26'),(81,89,54,'Ut at id quis voluptatibus beatae qui et voluptatibus. Natus similique suscipit dolorem eum et. Explicabo et minima et voluptatum sed quo qui. Consequuntur eum corporis velit dolorem voluptas totam.',23,0,1,'1988-01-14 05:56:13'),(82,10,47,'Dolores et ratione laboriosam voluptas quaerat quae aliquam. Enim ab qui dolore quos hic eum soluta. Debitis placeat iusto blanditiis nihil aut. Natus est doloremque dolores reiciendis exercitationem fugit aliquid maiores.',63,1,0,'2018-08-18 10:46:21'),(83,199,142,'Est molestiae nemo rerum facilis incidunt expedita. Neque laboriosam inventore molestiae repellat dolores eligendi quas. Non sit veritatis nam rerum voluptas eum accusantium labore.',47,0,0,'1995-10-04 21:01:27'),(84,25,78,'Enim enim dolores molestias. Et eius quia velit eos velit sint aut veritatis. Totam quo quae molestiae sed dolor optio.',44,1,0,'1973-08-31 23:43:10'),(85,88,32,'Quia rerum reprehenderit aut enim ut repellendus ipsa. Totam sit autem blanditiis exercitationem dicta in. Velit atque corporis qui iure repellendus ad. Et quos asperiores assumenda.',79,1,1,'2016-05-01 02:54:18'),(86,1,165,'Quas nulla atque rem magnam. Dolorem perspiciatis in culpa id dolor ipsam. Nobis hic nam a recusandae aut dolorem consequatur. Eaque aspernatur distinctio quia eveniet.',62,0,1,'2005-02-28 18:51:35'),(87,66,138,'Quasi quam saepe consequatur alias eligendi. Iusto et enim aperiam dolorum. Qui fugit corrupti facere est perspiciatis.',75,0,1,'1987-08-14 02:57:28'),(88,128,180,'Quaerat nam laudantium quisquam aut ut. Quod temporibus facilis error fuga porro sit quasi voluptatem. Repellendus tenetur veniam beatae optio accusamus.',86,0,0,'2009-11-28 10:35:27'),(89,42,176,'Voluptas quo voluptates rerum consequatur voluptatum ad. Dicta eveniet consectetur iusto magni asperiores. In a provident eius ex quia expedita adipisci. Vel quia itaque rerum exercitationem rem.',4,0,0,'1984-06-17 02:02:32'),(90,24,178,'Non qui deserunt et deleniti animi optio mollitia tempora. Dolorem eveniet exercitationem et doloribus dignissimos. Vero ut laudantium alias molestiae cupiditate omnis. Ut ut nobis doloremque quidem dolor reiciendis.',60,1,0,'1986-03-02 17:14:34'),(91,182,117,'Rem illum nulla modi repudiandae dolorem et. Et repellat voluptatem sed animi dolor. Iure veniam harum saepe soluta dolorem.',91,1,0,'1973-08-02 23:20:35'),(92,71,172,'Sapiente vero sapiente beatae nihil eos et sapiente. Atque qui iste ut velit totam dolor. Eum consequatur perferendis suscipit quasi qui voluptatum. Et sed in quas explicabo voluptatum dignissimos.',73,0,1,'1975-06-14 11:13:46'),(93,96,64,'Odio sed aspernatur quis error sapiente. Consequatur cupiditate reiciendis quaerat blanditiis eveniet optio eveniet. Explicabo tempore ad aperiam consequuntur. Quis est nobis tempore incidunt. Ut consectetur optio aliquid quam quo natus consequuntur voluptas.',90,0,0,'1970-04-13 13:09:02'),(94,153,50,'Vero culpa vel vero quis voluptatem. Provident veniam exercitationem et ex sit non. Voluptas id dolorem voluptatem autem quia.',34,0,1,'2019-08-23 08:29:15'),(95,172,112,'Voluptatem sit nostrum possimus. Eligendi impedit voluptatem exercitationem. Eius ut repellendus tempora.',96,0,1,'1974-02-23 01:29:30'),(96,21,61,'Aliquam sint architecto animi unde quis suscipit. Earum molestias nam ut est voluptate et. Dolorum nulla vel in qui et autem.',80,1,1,'1998-06-24 17:45:40'),(97,165,31,'Est porro veniam dolor laudantium explicabo enim. Ut numquam similique atque. Enim ad quos temporibus.',12,0,1,'1991-06-11 21:50:21'),(98,107,163,'Sit beatae quia corporis consequatur in sapiente neque. Voluptatum ut ut totam odit repellendus similique. Accusantium quia qui qui. Quis sed nemo ut occaecati rem.',19,1,1,'1985-06-26 14:18:52'),(99,172,132,'Eum quidem quia recusandae soluta eligendi nihil. Possimus non fuga ipsum ipsa dolor. Hic est accusantium eos ex. Eius sint dolore modi nam omnis.',60,1,1,'1977-05-30 13:39:43'),(100,41,59,'Qui earum numquam ex et nesciunt quia officiis nemo. Ut nobis excepturi expedita quia id. Et consequatur corporis aut.',40,1,0,'1997-01-04 02:29:35'),(101,163,42,'Ducimus ut odit voluptatem non cum libero quidem. Architecto exercitationem veniam sed similique nisi perferendis distinctio nemo. Ab quos molestiae et consequatur provident saepe perferendis.',19,1,1,'2005-05-11 04:36:06'),(102,23,28,'Aliquam dignissimos itaque quis dignissimos molestiae aliquam. Nihil corporis sint aliquid distinctio odit vitae earum ut. Eius quasi aut corporis quam. Autem maxime nihil recusandae harum nemo magnam.',75,0,0,'1996-04-24 02:14:29'),(103,179,151,'Vel possimus mollitia alias. Consectetur quia ducimus ea eligendi deserunt harum. Ut autem officiis molestias aut illum non.',19,0,0,'1991-02-24 10:54:23'),(104,8,20,'Aut architecto quo nobis saepe et. Et optio commodi animi iste qui. Neque veniam voluptas deleniti quia. Qui voluptas quo et quia nemo cum.',69,1,0,'2008-05-09 01:31:46'),(105,127,31,'Itaque quia aspernatur vero aut repellat ipsam. Est et rerum natus nisi. Ut cumque voluptas debitis beatae totam possimus et.',86,0,1,'1984-07-22 11:20:00'),(106,197,108,'Aut ab consequatur sint labore. Quibusdam autem sit laboriosam quis adipisci qui. Quod necessitatibus numquam iste. Totam quibusdam et laboriosam natus.',25,0,1,'1975-09-10 01:26:21'),(107,147,68,'Sunt consequuntur error rem dolor ea ut aut sit. Vitae modi facere expedita consequuntur dolores.',66,0,1,'1971-01-09 05:51:41'),(108,79,43,'Eaque ad et mollitia commodi blanditiis cupiditate nihil. Animi rerum tempora odio suscipit qui. Voluptatum qui impedit qui est rem accusamus aut.',56,0,0,'2003-05-15 13:13:09'),(109,131,32,'Similique ut maxime nisi aut dignissimos non quia laborum. Qui sed dolorem similique porro. Saepe cum esse sint soluta necessitatibus ut nihil quae.',78,0,0,'2018-03-09 16:27:14'),(110,93,102,'Ab repellendus dolor nam dolorem. Sint a et ratione aspernatur. Dignissimos rerum sit reiciendis aut. Ut ullam et quam.',24,0,0,'1986-04-20 15:31:23'),(111,143,114,'Quibusdam quidem eos facere fugit repellat autem. Praesentium sint eum aspernatur labore et provident hic. Dolorum dolorum qui repudiandae iure consequuntur ad accusantium sequi. Quae quis nam commodi sapiente et occaecati accusantium sit.',86,0,1,'2015-06-27 09:18:45'),(112,163,108,'Et rem expedita nam quis cumque quia. Provident et atque occaecati dolor necessitatibus ad. Praesentium est quia dolorum tempora. Nisi quos temporibus sequi et. Enim aut distinctio fugit quia quas.',57,1,1,'2017-03-20 11:57:16'),(113,144,69,'Aut quod odit ea in repellendus doloremque. Laboriosam consequatur repellat explicabo totam repudiandae labore omnis non. Qui architecto architecto vel animi libero dolore. Nihil quasi corrupti animi voluptate.',24,0,1,'1984-01-25 00:38:08'),(114,71,116,'Deserunt neque molestiae eligendi in repellat ut. Explicabo recusandae itaque alias totam nobis nobis. Doloremque tempora voluptatum at molestias sit rerum perspiciatis.',51,0,1,'2005-10-14 17:31:50'),(115,1,111,'Et et non ipsam recusandae ab alias accusamus. Quas libero vero magni perferendis. Laborum aut voluptate non.',83,0,0,'1998-12-20 23:00:16'),(116,174,163,'Eligendi tenetur non voluptatum reiciendis. Minima officiis nisi sed. Possimus iure molestiae dolorem natus dicta ea.',60,1,0,'1994-10-18 12:21:20'),(117,152,197,'Rerum aut voluptas facere aut distinctio voluptatem et. Est magni magnam autem reiciendis occaecati cum nam. Commodi cupiditate repudiandae perferendis.',52,1,1,'1973-05-07 11:44:36'),(118,191,131,'Aspernatur aspernatur autem sunt at asperiores. Qui adipisci aspernatur natus fugit sapiente tempore. Iste id dolorem ut est libero numquam.',79,1,0,'2020-04-17 17:43:18'),(119,148,199,'Quasi autem et excepturi culpa nobis fugit. Voluptatum earum id id illo reprehenderit dolorum aspernatur. Autem dolores voluptas repellat molestias provident id voluptatem rem.',40,0,0,'1978-10-06 23:11:48'),(120,150,74,'Autem facilis consequatur dicta. Qui et voluptatibus natus vel explicabo. Quasi soluta voluptatum doloribus omnis. Voluptas dolorem perferendis assumenda laborum suscipit.',61,1,1,'1972-07-22 18:26:44'),(121,29,147,'Sed rerum non qui saepe necessitatibus. Cupiditate voluptas voluptatum quia.',84,0,0,'1970-06-30 05:27:21'),(122,181,176,'Consequatur odit velit iusto delectus magnam dolorem beatae. Nihil dolorem dolor deleniti quidem tempora. Perspiciatis dicta culpa dolore suscipit. Eos commodi sunt qui tempora saepe est non.',36,0,0,'2017-09-20 06:19:03'),(123,15,60,'Aut saepe quod enim et quas a aut. Voluptas nam incidunt adipisci et culpa. Vero laborum error magni quis reprehenderit voluptatum. Voluptatem a deserunt quisquam accusamus laudantium numquam quis.',30,0,1,'1992-03-13 10:12:14'),(124,19,145,'Aut dicta cum occaecati inventore ut beatae consequatur. Quo voluptas illo dolor dolorum saepe qui repellendus ut. Vel maxime quasi quia vitae.',39,0,0,'1994-10-16 11:04:00'),(125,91,111,'Ut cupiditate sed excepturi. Eius cupiditate voluptatum totam ipsum. Quibusdam doloribus culpa ipsum non adipisci repellat cupiditate.',5,1,1,'1991-03-25 10:54:10'),(126,47,34,'Et neque quibusdam porro qui hic iste iusto. Qui eius exercitationem id dolores. Ipsum aliquam quos et enim quis.',10,0,1,'1984-06-15 08:13:40'),(127,25,9,'Dolores qui molestiae est aut et aut. Amet maiores enim iste laborum voluptatem similique excepturi. Voluptatem est ex sit. Voluptas qui dolor animi ab maiores. Tempore nulla aut voluptas sapiente quae est rerum.',31,1,0,'1994-08-19 18:33:19'),(128,141,169,'Voluptates id ut nesciunt voluptatem repellat ipsum. Ea deleniti reiciendis ipsa delectus natus. Provident dolor aliquam cumque sint consequatur repellat accusantium. Nulla error voluptatem atque vel.',25,1,1,'1974-03-01 01:22:48'),(129,78,11,'Dolorem animi eos sequi voluptatibus ut quaerat vero. Omnis dolor atque voluptatem qui. Culpa rem numquam eaque voluptas veritatis qui minima.',32,1,0,'2014-01-31 12:49:07'),(130,84,78,'Nulla sunt enim totam amet molestiae. Esse totam quaerat rerum. Nostrum consequatur consequatur itaque sit nam omnis animi. Consequatur ipsam porro ut est.',86,1,0,'1994-06-14 19:07:30'),(131,122,57,'Dolores ea aut nesciunt sit autem autem. Odit et et soluta eos reprehenderit. Rerum ut quo maiores qui consequatur.',33,1,1,'2006-12-27 10:30:03'),(132,41,73,'Aut et sit natus minus. Iure nulla ut voluptatum ex cupiditate. Adipisci consequatur labore sequi consequatur. Nemo ea sunt amet aspernatur perspiciatis.',7,0,0,'2004-03-29 16:19:54'),(133,53,32,'Consequatur ad nemo enim velit laudantium. Cupiditate velit aut repellendus earum enim ea. Et minus consequatur non sit et et. Ipsum error pariatur sequi qui maiores aut voluptas. Eaque dolor qui sit non sint facilis illo quisquam.',34,0,0,'1976-03-19 11:41:05'),(134,3,1,'Culpa ut ducimus molestias fugit. Eum nemo nihil tempore quos sunt nostrum. Dolores facilis velit exercitationem minus laudantium tenetur. A quaerat et saepe.',47,0,1,'2014-06-04 18:10:33'),(135,30,153,'Blanditiis non voluptates consequatur. Eligendi reprehenderit ea dolore aut non. Vitae fugiat aut aut maxime. Dolores qui ut ullam nihil et. Rerum et autem asperiores.',34,0,1,'1975-10-18 14:42:08'),(136,74,59,'Error quam veritatis alias. Veniam ut sunt molestiae perspiciatis quia est. Eligendi molestiae ratione vel eligendi eos dolorem quia.',28,0,0,'2016-09-13 18:32:10'),(137,100,55,'Magni rem ut aliquam doloribus asperiores natus hic. Vero eos aspernatur numquam aliquam sed. Odio non ullam est nobis suscipit. Eos autem repudiandae et repellat aut facilis voluptatem. Eos vero reiciendis ad culpa quis.',39,1,1,'2006-11-08 06:40:35'),(138,35,114,'Et sunt amet aut. Temporibus velit vero explicabo qui maiores harum voluptatibus. Sit eum eaque minima et. Natus voluptatem sunt voluptate tenetur natus maxime qui quo.',10,0,1,'2001-03-12 13:17:27'),(139,115,53,'Voluptatem est expedita dolorum unde similique consequatur. Et repudiandae sit ullam quam et molestiae quos iste. Sequi voluptatum reprehenderit ea nemo illo eius.',31,0,1,'1971-11-15 20:24:42'),(140,59,6,'Neque est quam illo qui debitis eum hic. Numquam quia facere consequatur magnam repellendus adipisci sapiente. Reprehenderit et est eos nihil doloremque reprehenderit tenetur qui. Et ducimus at tenetur sit et. Voluptatem aut commodi dolores dolorum vel soluta.',27,0,0,'1982-03-16 20:21:14'),(141,164,105,'Maiores expedita blanditiis nihil sit amet dolor. Est minus quaerat qui voluptas quaerat quae soluta. Accusantium corporis voluptatem occaecati ratione doloribus autem.',41,1,1,'2018-04-09 18:04:14'),(142,39,189,'Magnam et sequi quasi qui. Dolorem est voluptatibus harum minus omnis impedit alias. Magni magnam quasi voluptas harum facilis natus. Et asperiores iusto repellat deserunt.',24,1,0,'1970-01-26 14:24:13'),(143,114,180,'Maiores consectetur magnam ab aspernatur sed fugiat. Quas et vel molestiae maxime explicabo. Ad aperiam dolores suscipit. Rerum facere voluptatem quis voluptatem quod ad nesciunt et.',96,1,1,'2005-01-28 16:03:23'),(144,157,192,'Et ipsum quo dolore sit sed voluptas. Nihil eos ex tenetur sunt dicta natus. Tempore voluptas enim sint nobis quos aut. Sint perferendis voluptatem velit delectus omnis.',6,0,0,'2005-08-13 06:06:37'),(145,191,40,'Distinctio exercitationem odio eum atque vel. Eaque in ad nam consectetur unde sed. Corporis perferendis odit vitae nesciunt dicta aut quae. Et consequatur eum aut sed perspiciatis reprehenderit.',41,1,1,'2008-09-15 06:28:08'),(146,69,112,'Deleniti atque veritatis deleniti quia et. Sint accusantium rerum rem dolore facilis temporibus exercitationem. Molestias quo voluptates temporibus.',88,1,0,'1980-08-11 02:55:59'),(147,96,110,'Saepe delectus ducimus ut sed. Dicta natus vitae fugiat maiores molestiae quia quia. Exercitationem eum est reiciendis enim sed ut et. Delectus maxime ea magni laborum dolor aut impedit. Quae voluptatem quia et id et qui provident.',17,1,1,'1996-08-26 18:20:02'),(148,185,149,'Tempore sunt molestiae eum reprehenderit nihil vel. Distinctio omnis possimus assumenda. Culpa voluptatem aut consequatur hic atque adipisci illum.',19,1,0,'2011-08-22 00:14:43'),(149,141,187,'Tenetur voluptatem autem nihil non nam. Et id laboriosam dolorem omnis tenetur. Laboriosam consequatur et sed cumque.',46,1,1,'1992-10-21 00:07:33'),(150,149,170,'Consequatur quia pariatur dolor non sit fugiat. Quibusdam provident qui pariatur ea ut minima. Dolores vel possimus omnis debitis quibusdam reprehenderit.',71,0,0,'2008-09-07 15:10:00'),(151,140,23,'Sint nulla molestiae et quasi. Laboriosam quas consequatur praesentium. Fugiat ducimus tenetur consequatur ea. Est eos odio quis. Culpa temporibus praesentium eum at qui.',16,1,0,'1980-06-05 04:44:58'),(152,29,40,'Iste nemo odit nisi distinctio eius sint atque. Eveniet et natus quia placeat odit officiis. Quia laborum assumenda et aut maxime dignissimos quis.',65,0,1,'1979-05-28 04:29:58'),(153,78,63,'Dolores velit dicta voluptas et sit ut totam voluptas. Sapiente provident impedit quos odit molestiae aspernatur. Earum reiciendis aut dolores soluta. Autem incidunt nesciunt ex fugit.',78,0,0,'1991-02-10 11:35:32'),(154,153,192,'Tempora quae quam laudantium nihil autem explicabo eos. Exercitationem voluptatum eius odio consequatur dolor illo. Temporibus et cupiditate et reiciendis optio. Est dolor nihil tempora nihil voluptatem sed.',96,0,0,'1995-09-19 03:58:13'),(155,115,12,'Ipsam delectus non quam cum neque recusandae reiciendis. Similique aut ea placeat dolores. Iste molestias nemo sint.',45,1,0,'2016-03-09 14:44:56'),(156,197,79,'Soluta modi fuga doloremque ut repellendus cupiditate laborum. Eos vel iusto ea quia illo eveniet. Quod consequuntur unde iusto cum. Accusamus numquam ut voluptas dolorum.',37,1,1,'1984-06-13 19:18:49'),(157,117,36,'Optio voluptates dolorem mollitia iusto quia tempora. Consequatur dolores expedita hic necessitatibus facilis. Beatae aliquid praesentium ut maiores.',47,0,1,'1976-01-17 20:15:16'),(158,67,30,'Quaerat deserunt vel praesentium vel doloremque corporis rem ullam. Hic sapiente modi ratione cumque maxime. Consequatur aliquid necessitatibus ipsam omnis.',25,1,1,'2015-01-28 04:13:19'),(159,16,23,'Eum repellat ipsum assumenda magnam et nostrum. Est sit sed aspernatur ad ducimus. Minima est esse totam quae.',85,1,1,'2007-12-01 19:28:39'),(160,21,6,'Consequatur doloribus delectus voluptate rerum eos sequi vel. Itaque exercitationem nemo aut exercitationem repellat omnis. Quaerat quas nobis ut repellendus ex cum fuga. Ut enim est quia voluptatem.',49,0,1,'2013-03-08 05:00:50'),(161,63,90,'Voluptatem vel ab consequatur non fugiat autem. Mollitia ut consequatur explicabo. Praesentium earum rerum natus magnam aliquid sed.',87,0,1,'2014-08-29 04:18:13'),(162,118,159,'Quam consequatur voluptatem ad. Expedita consequatur et deleniti ut rerum blanditiis aspernatur possimus.',89,0,1,'1970-12-29 10:40:53'),(163,200,102,'Aut voluptas sed praesentium unde quisquam perspiciatis ut. Ea velit nihil sint velit exercitationem est. Dolorum iusto cupiditate qui voluptatum. Quis animi doloremque odit ratione voluptate optio iure.',82,0,0,'1983-03-14 15:11:44'),(164,108,140,'Et vel veritatis dicta cumque necessitatibus. Quibusdam aut ut nam doloremque officiis et amet. Necessitatibus eius voluptatibus asperiores corporis harum sed natus voluptate. Veniam non praesentium maxime minus quia. Et et quod sed omnis soluta occaecati enim.',42,0,1,'2020-02-26 11:23:33'),(165,89,57,'Saepe rerum alias totam accusantium ad quidem magnam. Voluptatem corrupti deserunt sint quia. Hic reprehenderit temporibus distinctio explicabo maiores necessitatibus.',63,0,0,'1998-02-11 02:16:25'),(166,110,28,'Corrupti mollitia voluptas ut illum iure fugiat non. Sunt ipsum laborum rerum nam nihil. Cumque earum neque neque neque harum quasi. Maxime consequatur sit pariatur sit laboriosam.',91,1,1,'2011-07-23 13:09:42'),(167,79,138,'Et ab reprehenderit dolorem eaque labore. Expedita accusantium saepe impedit commodi voluptatem. Ipsam vitae perspiciatis quaerat veritatis. Repellat voluptas nisi id voluptatibus dolores voluptas sit.',63,0,0,'2014-10-19 12:41:18'),(168,68,156,'Aut possimus voluptatem similique amet dolorum animi. Vero perspiciatis voluptas ut exercitationem optio. Et ipsam quia minima distinctio sit harum possimus.',42,0,1,'1977-05-06 22:10:29'),(169,1,20,'Beatae non laudantium error dolor. Aut commodi quae magnam nulla maiores excepturi et tempore. Qui sunt nam doloremque maiores autem ut et perferendis.',22,0,1,'1977-04-06 14:24:03'),(170,148,115,'Molestiae laudantium dolore voluptas. Dignissimos perspiciatis quas ut nihil veritatis error. Nobis fugiat dolores dolor labore assumenda. Sit aut et voluptatem eos earum et est.',85,0,1,'1975-01-28 23:49:31'),(171,32,145,'Sapiente eum nihil suscipit qui et id quibusdam. Dolor doloremque dolores error repellat enim dignissimos. Impedit eum autem saepe voluptatibus.',56,0,1,'1991-06-18 08:34:48'),(172,194,148,'Molestiae ab sed vel dolorem iure. Quod numquam perspiciatis praesentium voluptas. Neque cupiditate minus excepturi id aliquid tempore.',25,1,1,'1984-02-17 08:48:46'),(173,180,61,'Aut temporibus error quasi quo sapiente enim. Ut maiores blanditiis possimus quidem atque quidem beatae. Tempora et quia delectus explicabo veritatis itaque ad. Dolor et dolorem dolore rerum et voluptas. Delectus nostrum ducimus consectetur sit libero ab illum.',56,0,0,'2009-03-12 08:12:32'),(174,178,196,'Facere esse similique debitis aliquid. Ea corporis labore consequuntur ex. Doloremque omnis impedit minima vitae.',4,1,0,'2014-08-17 07:07:15'),(175,84,199,'Sit delectus omnis accusamus. Consequuntur consequatur ad occaecati cum aliquid sint. Omnis dolorem dolore aut est labore.',53,0,0,'1997-05-10 08:09:55'),(176,2,146,'At nihil molestiae consequuntur accusantium ipsum. Veritatis aut expedita recusandae maiores vitae itaque. Et in ut maxime sed nesciunt temporibus. Reprehenderit suscipit pariatur reiciendis blanditiis tempora quis.',52,0,0,'1993-03-26 16:46:00'),(177,89,119,'Similique est eum aut quibusdam ratione pariatur doloribus et. Asperiores laborum aut sunt accusantium inventore. Placeat voluptatibus nobis et laudantium.',1,0,0,'1979-02-03 17:52:27'),(178,105,88,'Aut eius laboriosam nihil aliquid vel. Possimus et esse illum pariatur.',49,0,0,'1971-09-06 04:43:54'),(179,21,12,'Ex ad eaque possimus soluta. Dolorem tenetur dolor adipisci voluptatem. Ipsam occaecati id ut amet beatae et. Corrupti qui velit eveniet odio et voluptas placeat deserunt.',40,1,1,'1997-05-14 16:33:44'),(180,27,109,'Voluptatum vel molestias ipsa optio quasi quo est. Fuga voluptas ut velit iusto beatae. Laudantium et consequatur recusandae deleniti aperiam quia.',55,1,1,'2001-11-03 16:44:04'),(181,68,137,'Soluta dolores et similique. Veniam atque saepe placeat assumenda hic ad beatae. Dolore occaecati alias doloremque illum occaecati dolor quia nostrum. Est ut possimus unde error et sit est at.',52,0,1,'2018-03-02 22:17:37'),(182,137,147,'Vel maiores occaecati rem illo eaque iste. Est qui consequatur autem dolor molestiae voluptas ut. Et fugiat ut qui aliquam porro tenetur voluptatem. Et ipsa qui non magnam ipsam officia impedit.',97,1,1,'2009-01-08 20:13:05'),(183,75,4,'Laboriosam occaecati tempora aut dolorem nesciunt. In est quia molestiae est. Earum rerum nihil ex dolor vel iusto. Expedita beatae deleniti sint.',29,1,0,'2002-10-14 17:01:45'),(184,102,75,'Saepe minima facere ut laborum odio nihil. Dolorem ab qui velit voluptas ducimus rerum incidunt. In tenetur aperiam expedita.',52,0,1,'2006-08-03 19:37:48'),(185,24,50,'Enim unde placeat quisquam ut tempora. Quam autem qui odit et quis vel libero. Vel at impedit aut qui commodi et non rem.',72,0,1,'2005-11-24 20:24:38'),(186,190,55,'Voluptatem ea fugiat non est. Ea nulla vitae sit.',3,1,0,'1973-01-24 16:45:38'),(187,194,183,'Suscipit et est culpa cumque. Vel repellat est eaque non aut porro. Et quos placeat rem vel mollitia sunt et. Incidunt id quisquam quos ea quisquam consectetur.',99,1,1,'1987-06-08 04:11:54'),(188,3,173,'Necessitatibus et magnam nihil perspiciatis. Est vitae qui rerum. Tempora veniam aut sint optio quas.',86,1,1,'2003-02-23 16:59:51'),(189,44,180,'Quo cum doloremque quasi sunt. Et quam vitae deleniti ut nostrum. Recusandae quia accusamus veniam debitis. Est perspiciatis in qui officiis est quibusdam.',30,0,1,'2020-01-06 21:24:57'),(190,169,127,'Libero aliquam sapiente debitis perspiciatis eveniet. Alias debitis ea autem et impedit. Qui non rem unde mollitia facere ab.',94,1,1,'1977-01-11 15:31:48'),(191,179,170,'Eum amet voluptatem aut magni qui voluptates doloribus. Et qui iure eum et unde soluta consequatur doloremque. Cumque aut quod quod at.',78,1,0,'1982-08-19 19:13:51'),(192,73,67,'Quasi enim amet eaque nihil eligendi ut. Quidem earum consequatur illo. In aperiam explicabo harum. Sint fugit necessitatibus dolor molestias.',8,1,0,'1998-12-27 03:37:35'),(193,88,177,'Quidem ea voluptatem fuga. Magnam atque accusamus error non maxime dolorem.',5,1,1,'1972-03-28 03:10:17'),(194,154,108,'Est doloremque unde laborum et. Id possimus laudantium error quia.',99,0,1,'1988-01-03 22:22:25'),(195,189,181,'Quia harum sint ducimus quidem qui. Necessitatibus voluptatem fugit qui voluptate et. Dolorum sit labore qui dicta excepturi quibusdam corporis rerum.',80,0,1,'1985-04-19 01:02:31'),(196,17,56,'Illum sint qui et aut et rerum non eaque. Dolore et sit ipsa et atque nobis. Enim soluta aut quia non. Quia deserunt corrupti dicta quos asperiores.',3,0,0,'1976-08-10 05:08:34'),(197,118,154,'Sint reprehenderit eum eos placeat animi iusto. Consequatur temporibus quibusdam sint alias temporibus libero et. Cupiditate et voluptatum quibusdam omnis. Sint officiis quos natus non eum amet nisi.',76,1,0,'2004-05-07 01:38:32'),(198,3,192,'Eligendi soluta blanditiis est voluptas doloremque doloremque. Veritatis repudiandae harum est iusto et placeat ipsam. Delectus mollitia tenetur labore modi non similique.',71,1,0,'2005-12-27 08:22:08'),(199,157,105,'Fuga aut blanditiis et eum. Quibusdam voluptatum at consequatur aspernatur. Aliquid placeat illo nemo et voluptas ab officiis. Debitis odio voluptate harum sapiente culpa.',24,1,1,'2011-12-01 01:07:36'),(200,66,181,'Sint aperiam accusamus quod eum itaque id minus. At exercitationem nesciunt nihil ipsam. Asperiores natus qui nostrum adipisci quasi id. Quis omnis et sed optio inventore.',7,1,1,'1979-04-30 21:05:09');
/*!40000 ALTER TABLE `messages` ENABLE KEYS */;
UNLOCK TABLES;

--
-- Table structure for table `profiles`
--

DROP TABLE IF EXISTS `profiles`;
/*!40101 SET @saved_cs_client     = @@character_set_client */;
/*!50503 SET character_set_client = utf8mb4 */;
CREATE TABLE `profiles` (
  `user_id` int unsigned NOT NULL COMMENT 'Ссылка на пользователя',
  `photo_id` int unsigned DEFAULT NULL,
  `gender` char(1) CHARACTER SET utf8 COLLATE utf8_unicode_ci NOT NULL COMMENT 'Пол',
  `birthday` date DEFAULT NULL COMMENT 'Дата рождения',
  `city` varchar(130) CHARACTER SET utf8 COLLATE utf8_unicode_ci DEFAULT NULL COMMENT 'Город проживания',
  `country` varchar(130) CHARACTER SET utf8 COLLATE utf8_unicode_ci DEFAULT NULL COMMENT 'Страна проживания',
  `is_private` tinyint(1) DEFAULT '0',
  `created_at` datetime DEFAULT CURRENT_TIMESTAMP COMMENT 'Время создания строки',
  `updated_at` datetime DEFAULT CURRENT_TIMESTAMP ON UPDATE CURRENT_TIMESTAMP COMMENT 'Время обновления строки',
  PRIMARY KEY (`user_id`),
  KEY `profiles_photo_id_fk` (`photo_id`),
  CONSTRAINT `profiles_photo_id_fk` FOREIGN KEY (`photo_id`) REFERENCES `media` (`id`) ON DELETE SET NULL,
  CONSTRAINT `profiles_user_id_fk` FOREIGN KEY (`user_id`) REFERENCES `users` (`id`) ON DELETE CASCADE
) ENGINE=InnoDB DEFAULT CHARSET=utf8 COLLATE=utf8_unicode_ci COMMENT='Профили';
/*!40101 SET character_set_client = @saved_cs_client */;

--
-- Dumping data for table `profiles`
--

LOCK TABLES `profiles` WRITE;
/*!40000 ALTER TABLE `profiles` DISABLE KEYS */;
INSERT INTO `profiles` VALUES (1,34,'f','2001-11-08','East Kobefurt','Guadeloupe',1,'1986-01-21 01:33:53','2020-06-14 05:57:47'),(2,87,'f','2008-07-15','Lake Tannerside','Nicaragua',1,'2011-05-19 09:06:44','2020-06-14 05:57:47'),(3,30,'f','1974-04-03','Franeckiberg','Christmas Island',1,'2004-01-16 19:14:07','2020-06-14 05:57:47'),(4,88,'f','1993-08-19','Lake Ezequielshire','Norfolk Island',1,'2008-03-25 14:59:12','2020-06-14 05:57:47'),(5,50,'f','1975-08-23','West Domenic','New Caledonia',1,'2004-11-18 08:05:18','2020-06-14 05:57:47'),(6,86,'f','2012-03-28','Aidenborough','Portugal',1,'1978-05-02 06:52:47','2020-06-14 05:57:47'),(7,81,'f','2006-01-23','South Lilliana','China',1,'1977-05-10 00:54:52','2020-06-14 05:57:47'),(8,44,'f','2002-11-07','Daynemouth','Burundi',0,'2001-01-09 22:37:11','2020-06-14 05:53:09'),(9,77,'f','1987-07-16','Lylabury','American Samoa',1,'1972-09-17 18:55:11','2020-06-14 05:57:47'),(10,52,'f','2002-04-30','Lake Lillyborough','American Samoa',1,'1983-08-24 18:24:42','2020-06-14 05:57:47'),(11,28,'f','1978-04-01','Gerlachshire','Montserrat',0,'2011-10-06 21:20:39','2020-06-14 05:53:09'),(12,86,'f','1984-01-16','Pacochahaven','Antarctica (the territory South of 60 deg S)',0,'1992-03-01 14:47:43','2020-06-14 05:52:15'),(13,44,'f','2007-08-19','Adrainfurt','Bangladesh',0,'2014-04-25 22:38:18','2020-06-14 05:53:09'),(14,61,'f','2016-07-24','Marielleberg','Antarctica (the territory South of 60 deg S)',0,'2010-12-15 13:45:25','2020-06-14 05:46:25'),(15,73,'f','1973-07-27','North Lia','Mexico',1,'2012-04-17 11:33:27','2020-06-14 05:57:47'),(16,82,'f','1979-07-17','East Keshaunhaven','Cameroon',0,'2006-08-11 19:19:01','2020-06-14 05:53:09'),(17,91,'f','1990-07-17','South Efrain','Kiribati',1,'1975-03-12 03:44:36','2020-06-14 05:57:47'),(18,9,'f','2006-05-18','Larsonfort','Greenland',0,'2019-10-22 14:28:52','2020-06-14 05:52:15'),(19,72,'f','1979-03-03','New Brennan','Guinea',1,'2000-11-02 19:42:22','2020-06-14 05:57:47'),(20,31,'f','2004-08-24','North Camdenchester','Montenegro',0,'2004-07-09 08:39:58','2020-06-14 05:53:09'),(21,38,'f','2010-04-09','Lake Marvinville','Madagascar',1,'1981-12-15 10:33:23','2020-06-14 05:57:47'),(22,95,'f','2000-08-19','Tylerton','Kiribati',1,'2016-12-19 06:59:53','2020-06-14 05:57:47'),(23,63,'f','1988-01-05','Faheyview','Reunion',1,'2014-09-09 11:01:06','2020-06-14 05:57:47'),(24,31,'f','1979-12-31','Moenbury','Saint Helena',1,'1973-07-31 01:20:28','2020-06-14 05:57:47'),(25,63,'f','2011-02-20','West Clara','Liechtenstein',0,'1990-09-07 08:16:07','2020-06-14 05:52:15'),(26,21,'f','1984-01-16','East Deangelo','British Indian Ocean Territory (Chagos Archipelago)',0,'1991-02-07 11:02:33','2020-06-14 05:52:15'),(27,17,'f','1971-02-21','Cathyview','Azerbaijan',0,'1999-02-09 08:51:37','2020-06-14 05:53:09'),(28,21,'f','2005-04-13','East Clareberg','Honduras',0,'2010-12-18 17:55:50','2020-06-14 05:53:09'),(29,52,'f','2012-12-27','Abagailburgh','Korea',1,'1976-06-10 18:04:19','2020-06-14 05:57:47'),(30,96,'f','1976-08-02','Lake Gordon','Gabon',1,'2000-07-26 20:12:09','2020-06-14 05:57:47'),(31,27,'f','1988-04-20','Lake Perry','Trinidad and Tobago',0,'2001-10-09 08:11:36','2020-06-14 05:53:09'),(32,43,'f','2001-05-05','New Stella','Mayotte',1,'2004-08-14 05:12:32','2020-06-14 05:57:47'),(33,34,'f','1997-08-17','East Emmyland','Greenland',1,'2019-09-23 13:28:27','2020-06-14 05:57:47'),(34,41,'f','2009-03-14','Pfannerstillton','Saint Vincent and the Grenadines',1,'1996-07-19 01:53:57','2020-06-14 05:57:47'),(35,2,'f','1972-05-20','New Rylanport','Tonga',0,'2019-11-11 15:25:03','2020-06-14 05:53:09'),(36,86,'f','2009-11-13','Lake Jayton','Papua New Guinea',1,'1986-09-09 13:49:22','2020-06-14 05:57:47'),(37,26,'f','1991-01-15','South Candidahaven','Germany',1,'1977-12-26 02:03:56','2020-06-14 05:57:47'),(38,69,'f','1989-04-25','New Rosannamouth','Serbia',1,'2001-02-22 15:01:12','2020-06-14 05:57:47'),(39,69,'f','1996-01-30','Lake Juddhaven','Sudan',1,'2011-04-20 13:32:29','2020-06-14 05:57:47'),(40,37,'f','1984-01-12','Brookchester','Macao',0,'2019-01-25 20:15:50','2020-06-14 05:53:09'),(41,78,'f','2011-04-21','Abrahamborough','Australia',1,'2009-01-08 05:21:54','2020-06-14 05:57:47'),(42,78,'f','1977-11-17','South Ellsworth','Bermuda',1,'1978-09-18 00:25:09','2020-06-14 05:57:47'),(43,57,'f','1982-05-29','West Kelvin','Reunion',0,'1974-03-22 18:58:41','2020-06-14 05:53:09'),(44,51,'f','1976-07-24','East Litzyfurt','Tokelau',1,'1992-04-10 11:45:46','2020-06-14 05:57:47'),(45,83,'f','2006-05-04','East Carley','Russian Federation',1,'1980-02-19 12:13:08','2020-06-14 05:57:47'),(46,60,'f','2016-05-14','Ullrichburgh','Djibouti',0,'1985-11-08 05:21:00','2020-06-14 05:53:09'),(47,51,'f','1999-03-30','Ornfurt','Peru',0,'1974-11-07 04:02:00','2020-06-14 05:53:09'),(48,74,'f','1975-08-28','East Kip','Grenada',0,'1993-12-14 13:41:38','2020-06-14 05:53:09'),(49,17,'f','2008-10-27','New Lyla','South Africa',0,'2010-12-28 19:30:25','2020-06-14 05:52:15'),(50,62,'f','2017-02-14','Eichmannbury','Sudan',1,'2009-11-18 14:35:04','2020-06-14 05:57:47'),(51,61,'f','2009-05-16','West Blaise','Algeria',0,'2009-08-23 16:38:34','2020-06-14 05:53:09'),(52,16,'f','2009-04-15','South Ramirofurt','Benin',0,'1997-03-13 07:46:32','2020-06-14 05:53:09'),(53,99,'f','2001-04-11','Port Alysonton','Bangladesh',1,'1971-08-22 16:22:54','2020-06-14 05:57:47'),(54,43,'f','1987-11-04','Franciscofurt','Portugal',1,'1978-07-14 21:04:45','2020-06-14 05:57:47'),(55,20,'f','2007-05-30','West Zackary','Turks and Caicos Islands',0,'2015-01-17 01:24:54','2020-06-14 05:46:25'),(56,68,'f','1990-04-21','North Rossie','Austria',1,'1979-05-11 10:53:34','2020-06-14 05:57:47'),(57,82,'f','1981-09-26','East Fleta','Colombia',1,'1980-07-27 08:13:14','2020-06-14 05:57:47'),(58,6,'f','1990-07-14','Heathcoteton','Antarctica (the territory South of 60 deg S)',0,'2009-09-13 10:00:42','2020-06-14 05:46:25'),(59,82,'f','1976-03-03','Gregmouth','Jersey',1,'1976-04-11 15:15:15','2020-06-14 05:57:47'),(60,93,'f','2010-11-06','Christiansenville','Uruguay',1,'1994-09-05 20:58:05','2020-06-14 05:57:47'),(61,19,'f','2019-07-14','Jettieburgh','Kenya',0,'1970-11-28 16:56:37','2020-06-14 05:53:09'),(62,16,'f','1993-07-22','South Alek','Montenegro',0,'1977-12-30 22:54:54','2020-06-14 05:53:09'),(63,22,'f','1986-08-19','Eichmannland','Luxembourg',1,'2002-05-29 15:26:38','2020-06-14 05:57:47'),(64,61,'f','1970-04-15','North Leonardo','Slovenia',1,'2015-04-25 07:26:55','2020-06-14 05:57:47'),(65,40,'f','2008-03-14','East Anderson','France',0,'1981-05-12 21:53:20','2020-06-14 05:53:09'),(66,14,'f','1971-10-31','Genesisborough','Bouvet Island (Bouvetoya)',0,'1982-04-15 20:13:37','2020-06-14 05:53:09'),(67,52,'f','1998-10-24','South Kaliborough','British Virgin Islands',1,'2014-03-22 02:25:37','2020-06-14 05:57:47'),(68,16,'f','1979-10-16','Lucioborough','France',0,'1978-10-28 09:42:20','2020-06-14 05:52:15'),(69,26,'f','1993-04-14','West Tyrelfort','Timor-Leste',0,'1971-03-22 19:45:34','2020-06-14 05:53:09'),(70,79,'f','2003-03-01','Port Tamia','Svalbard & Jan Mayen Islands',1,'1982-11-18 04:46:02','2020-06-14 05:57:47'),(71,16,'f','2000-07-12','Konopelskiburgh','Bosnia and Herzegovina',0,'2003-08-21 08:15:50','2020-06-14 05:53:09'),(72,45,'f','2000-08-06','Port Moses','Marshall Islands',1,'1989-08-09 17:07:12','2020-06-14 05:57:47'),(73,74,'f','2017-09-10','North Estelle','Saudi Arabia',1,'1994-10-24 02:04:27','2020-06-14 05:57:47'),(74,37,'f','2015-01-30','Lornaton','Somalia',0,'1994-10-11 10:27:35','2020-06-14 05:53:09'),(75,62,'f','1981-02-05','Lake Prudence','Japan',1,'2013-11-19 20:58:40','2020-06-14 05:57:47'),(76,100,'f','2020-03-30','Boehmhaven','Singapore',1,'1998-01-01 00:24:08','2020-06-14 05:57:47'),(77,11,'f','1999-03-02','Weimannville','Iraq',0,'2004-04-25 01:20:17','2020-06-14 05:52:15'),(78,54,'f','2019-10-20','Hermanfort','Thailand',0,'2020-03-13 11:02:39','2020-06-14 05:46:25'),(79,39,'f','1975-07-26','New Elianechester','Thailand',0,'1986-05-25 07:51:47','2020-06-14 05:53:09'),(80,30,'f','1998-04-13','Haneside','Costa Rica',0,'1974-10-08 00:01:15','2020-06-14 05:52:15'),(81,35,'f','2000-02-06','Lake Daleborough','Togo',1,'2015-11-17 06:53:33','2020-06-14 05:57:47'),(82,82,'f','2011-04-22','Marquisemouth','Algeria',1,'1970-02-20 15:17:51','2020-06-14 05:57:47'),(83,5,'f','1993-09-23','South Michealstad','Eritrea',0,'1986-07-11 03:13:16','2020-06-14 05:53:09'),(84,78,'f','1970-03-12','Lake Anabelfort','Belize',1,'2011-09-28 22:43:21','2020-06-14 05:57:47'),(85,74,'f','1982-06-04','North Charlenehaven','Cambodia',1,'2012-01-13 17:38:57','2020-06-14 05:57:47'),(86,35,'f','1975-03-18','North Erikabury','Ecuador',0,'1995-06-15 23:01:08','2020-06-14 05:53:09'),(87,53,'f','2005-09-17','Ryanfort','Burundi',1,'1973-10-28 07:04:54','2020-06-14 05:57:47'),(88,62,'f','1979-03-28','Mayertland','Kazakhstan',0,'1989-06-18 18:54:22','2020-06-14 05:53:09'),(89,48,'f','2008-01-08','Littelberg','Croatia',1,'1983-08-13 00:53:38','2020-06-14 05:57:47'),(90,52,'f','2018-01-08','Lake Heber','Oman',1,'1978-11-09 16:42:33','2020-06-14 05:57:47'),(91,19,'f','1987-12-18','Pollichchester','Luxembourg',0,'1988-09-19 18:58:46','2020-06-14 05:53:09'),(92,37,'f','2005-10-29','Maritzamouth','Moldova',0,'1979-02-27 11:55:26','2020-06-14 05:46:25'),(93,26,'f','2002-08-28','Port Angelinemouth','Norway',0,'2008-04-20 06:03:45','2020-06-14 05:53:09'),(94,18,'f','1974-01-01','Lake Caroleside','Chad',0,'1997-11-11 23:02:11','2020-06-14 05:53:09'),(95,13,'f','2018-10-11','Port Guadalupestad','Uganda',0,'1976-10-03 21:21:14','2020-06-14 05:53:09'),(96,10,'f','1993-03-22','Breitenbergmouth','Heard Island and McDonald Islands',0,'1990-05-17 01:18:50','2020-06-14 05:53:09'),(97,13,'f','2016-04-19','Rubyview','Faroe Islands',0,'2018-01-14 01:52:15','2020-06-14 05:53:09'),(98,31,'f','2005-07-02','Townefort','United States Minor Outlying Islands',0,'1975-06-08 22:16:24','2020-06-14 05:53:09'),(99,17,'f','2016-05-28','Lake Maximechester','Korea',0,'1979-01-01 00:35:06','2020-06-14 05:53:09'),(100,93,'f','2012-02-15','Bridgetteland','Saint Barthelemy',1,'1987-08-14 05:53:24','2020-06-14 05:57:47'),(101,11,'f','1999-11-18','North Medaton','Djibouti',0,'2002-11-25 19:54:36','2020-06-14 05:53:09'),(102,74,'f','2014-03-31','Altenwerthhaven','Saudi Arabia',1,'2005-03-03 14:56:24','2020-06-14 05:57:47'),(103,40,'f','1994-03-09','Haileyborough','Cuba',1,'1995-01-24 13:21:17','2020-06-14 05:57:47'),(104,75,'f','1988-09-05','West Bennett','Singapore',1,'2018-04-16 20:50:50','2020-06-14 05:57:47'),(105,55,'f','1982-12-01','Lake Lamont','Denmark',0,'1986-01-31 11:07:59','2020-06-14 05:52:15'),(106,50,'f','1979-01-31','Gaylordville','Dominica',0,'1990-06-10 01:38:22','2020-06-14 05:53:09'),(107,83,'f','2013-01-23','East Jordane','Vanuatu',0,'1986-10-04 23:26:12','2020-06-14 05:53:09'),(108,65,'f','1970-10-23','North Dinaburgh','Central African Republic',1,'1975-10-24 00:50:20','2020-06-14 05:57:47'),(109,78,'f','1988-03-15','South Larissa','Angola',0,'2012-04-09 06:19:57','2020-06-14 05:53:09'),(110,91,'f','1991-07-11','Alexandrefort','Marshall Islands',1,'1980-04-27 14:03:41','2020-06-14 05:57:47'),(111,22,'f','2000-03-04','McCluremouth','Philippines',0,'1998-05-02 23:06:26','2020-06-14 05:53:09'),(112,38,'f','1995-11-11','North Gradystad','Nicaragua',1,'2017-12-25 19:23:15','2020-06-14 05:57:47'),(113,24,'f','1991-02-18','Henrietteborough','Israel',0,'1982-12-29 17:41:15','2020-06-14 05:53:09'),(114,5,'f','1986-07-14','East Demetrisville','Mongolia',0,'2009-08-30 14:00:13','2020-06-14 05:53:09'),(115,54,'f','1973-07-16','Jacobston','Gabon',1,'2014-08-03 05:01:30','2020-06-14 05:57:47'),(116,51,'f','2002-03-20','Lake Lethabury','Lao People\'s Democratic Republic',0,'1978-10-20 18:53:23','2020-06-14 05:52:15'),(117,96,'f','1996-10-29','New Christophestad','Eritrea',1,'1998-05-09 15:01:17','2020-06-14 05:57:47'),(118,26,'f','1998-09-23','Leifmouth','Malaysia',0,'1977-01-31 22:46:18','2020-06-14 05:53:09'),(119,39,'f','2011-01-14','Millerton','Sudan',1,'2007-04-11 16:31:05','2020-06-14 05:57:47'),(120,19,'f','1982-06-09','East Lauriannefurt','Albania',0,'1996-06-03 11:09:03','2020-06-14 05:46:25'),(121,78,'f','1981-04-22','Port Elianshire','Sri Lanka',1,'2001-03-08 20:14:20','2020-06-14 05:57:47'),(122,30,'f','2001-02-08','Port Fannytown','Guam',0,'1995-04-02 19:02:19','2020-06-14 05:46:25'),(123,16,'f','1998-01-08','West Myra','Italy',0,'1976-08-23 19:23:26','2020-06-14 05:53:09'),(124,90,'f','1994-12-23','Emiliofurt','South Africa',1,'1998-09-09 07:36:03','2020-06-14 05:57:47'),(125,2,'f','2016-04-15','Hilllmouth','Macedonia',0,'1979-09-06 03:12:24','2020-06-14 05:53:09'),(126,37,'f','1999-01-06','East Lauriane','Saint Kitts and Nevis',0,'2019-02-25 13:43:21','2020-06-14 05:53:09'),(127,82,'f','2006-06-17','Rosenbaumberg','South Africa',1,'2004-05-16 01:08:54','2020-06-14 05:57:47'),(128,97,'f','1989-05-24','Augustbury','Saint Barthelemy',1,'2003-04-04 18:27:50','2020-06-14 05:57:47'),(129,39,'f','1973-11-25','Paoloborough','Micronesia',0,'1984-06-02 23:03:09','2020-06-14 05:53:09'),(130,4,'f','1981-03-29','North Hettie','Brunei Darussalam',0,'2014-06-28 16:40:00','2020-06-14 05:53:09'),(131,100,'f','2001-03-12','Leuschkeborough','Indonesia',1,'1990-02-18 13:27:01','2020-06-14 05:57:47'),(132,91,'f','2014-08-16','Boehmport','Sierra Leone',1,'2014-11-24 20:36:04','2020-06-14 05:57:47'),(133,52,'f','2007-04-10','South Rickyfort','Vietnam',1,'1972-12-06 03:40:30','2020-06-14 05:57:47'),(134,89,'f','1983-06-29','North Isaiah','Mayotte',1,'2006-03-10 04:28:37','2020-06-14 05:57:47'),(135,89,'f','2018-09-28','North Antonia','Gibraltar',1,'2019-10-15 22:10:10','2020-06-14 05:57:47'),(136,75,'f','2006-03-03','Weimannview','Korea',0,'2011-10-30 02:39:37','2020-06-14 05:52:15'),(137,7,'f','1988-01-11','Ferryview','Korea',0,'1981-05-13 19:59:58','2020-06-14 05:52:15'),(138,12,'f','2020-05-21','Port Cleveland','Puerto Rico',0,'1989-10-11 03:20:56','2020-06-14 05:46:25'),(139,39,'f','1993-08-02','West Russ','Netherlands Antilles',1,'2007-03-18 07:13:21','2020-06-14 05:57:47'),(140,57,'f','1988-02-10','VonRuedenland','Slovenia',1,'1973-11-04 13:02:55','2020-06-14 05:57:47'),(141,69,'f','1996-08-04','Port Herthamouth','Jamaica',1,'2009-01-03 11:47:41','2020-06-14 05:57:47'),(142,72,'f','1972-06-13','West Carlieside','Seychelles',1,'1986-05-03 10:04:57','2020-06-14 05:57:47'),(143,54,'f','2000-06-13','Lydiaberg','Mali',0,'2012-11-07 02:51:43','2020-06-14 05:46:25'),(144,53,'f','1992-07-27','Adrianmouth','Estonia',0,'1980-04-16 13:17:35','2020-06-14 05:52:15'),(145,1,'f','2018-03-20','Schroederchester','Costa Rica',0,'1990-07-06 03:01:36','2020-06-14 05:53:09'),(146,48,'f','2005-06-06','Klingside','Solomon Islands',0,'1974-03-23 10:10:28','2020-06-14 05:53:09'),(147,34,'f','1987-06-29','South Scarlettton','Tajikistan',1,'2009-05-10 21:25:00','2020-06-14 05:57:47'),(148,25,'f','1980-04-01','Port Breannaside','Australia',0,'1985-12-14 03:08:27','2020-06-14 05:46:25'),(149,23,'f','2009-08-04','South Destany','Saudi Arabia',1,'1991-01-06 21:46:33','2020-06-14 05:57:47'),(150,39,'f','2015-05-01','Jovanburgh','France',0,'1982-06-27 14:26:55','2020-06-14 05:46:25'),(151,26,'f','2004-05-03','Lake Heathland','Turkey',0,'1996-09-13 00:12:25','2020-06-14 05:53:09'),(152,14,'f','1979-09-11','Kellibury','Kuwait',0,'1999-11-30 19:58:44','2020-06-14 05:53:09'),(153,89,'f','1974-01-16','Ratkebury','Tokelau',1,'1987-11-19 01:46:37','2020-06-14 05:57:47'),(154,2,'f','1990-01-24','East Friedahaven','Comoros',0,'1973-09-21 04:38:32','2020-06-14 05:53:09'),(155,44,'f','1987-03-21','Jeffrystad','Libyan Arab Jamahiriya',0,'1988-02-21 04:14:35','2020-06-14 05:53:09'),(156,13,'f','1988-05-08','Port Myrtlechester','Grenada',0,'2013-02-22 14:27:58','2020-06-14 05:52:15'),(157,33,'f','2001-11-09','Johnsside','Tanzania',0,'1976-01-16 05:32:08','2020-06-14 05:46:25'),(158,24,'f','1998-05-24','East Betsyview','Turkmenistan',0,'2002-01-08 15:01:21','2020-06-14 05:53:09'),(159,20,'f','1986-04-01','North Kennyshire','Monaco',0,'2010-04-16 12:36:41','2020-06-14 05:52:15'),(160,30,'f','1983-11-08','New Katrine','Taiwan',0,'1992-11-30 10:18:34','2020-06-14 05:52:15'),(161,86,'f','2017-02-19','McCulloughberg','Holy See (Vatican City State)',1,'1990-10-02 06:03:21','2020-06-14 05:57:47'),(162,43,'f','1995-09-28','Binsshire','Palestinian Territory',0,'1975-04-15 12:30:34','2020-06-14 05:53:09'),(163,55,'f','1970-01-16','Schuppemouth','Tunisia',1,'2013-09-10 01:41:24','2020-06-14 05:57:47'),(164,44,'f','1978-11-28','Goodwinmouth','Yemen',1,'1974-03-16 15:18:50','2020-06-14 05:57:47'),(165,54,'f','1978-02-04','Port Gilliantown','Heard Island and McDonald Islands',0,'1993-10-19 18:31:10','2020-06-14 05:46:25'),(166,38,'f','1978-10-11','Dameonview','Azerbaijan',1,'1970-07-31 05:22:39','2020-06-14 05:57:47'),(167,29,'f','1989-09-21','Aufderharstad','Nigeria',0,'1987-10-16 23:10:32','2020-06-14 05:53:09'),(168,28,'f','1979-11-11','South Lelandland','Svalbard & Jan Mayen Islands',0,'2016-05-07 17:36:05','2020-06-14 05:53:09'),(169,54,'f','1979-02-07','Larsonchester','Tunisia',1,'2015-06-26 11:07:03','2020-06-14 05:57:47'),(170,85,'f','2004-05-19','Gorczanyside','San Marino',0,'1988-04-06 05:31:55','2020-06-14 05:53:09'),(171,61,'f','1995-11-25','Tillmanburgh','Dominican Republic',1,'1998-03-03 10:10:46','2020-06-14 05:57:47'),(172,52,'f','2018-11-24','Lubowitzstad','Cote d\'Ivoire',0,'2010-03-31 16:29:56','2020-06-14 05:52:15'),(173,76,'f','1981-06-09','South Ayanastad','Macedonia',1,'2006-11-24 15:52:45','2020-06-14 05:57:47'),(174,23,'f','2000-01-08','West Freda','French Guiana',1,'2002-08-12 21:31:51','2020-06-14 05:57:47'),(175,85,'f','2013-07-27','North Rudolphfort','Tonga',0,'1978-01-11 21:48:46','2020-06-14 05:46:25'),(176,56,'f','2012-05-15','West Willmouth','Portugal',1,'1983-01-15 18:43:24','2020-06-14 05:57:47'),(177,26,'f','2012-06-01','Turcotteton','Lao People\'s Democratic Republic',0,'1995-01-12 08:24:25','2020-06-14 05:46:25'),(178,61,'f','1974-11-04','Dwightshire','Jamaica',0,'2018-01-25 20:25:25','2020-06-14 05:53:09'),(179,28,'f','1999-04-30','Lake Solon','Rwanda',0,'2001-08-14 21:05:11','2020-06-14 05:53:09'),(180,54,'f','1993-09-25','West Mylene','Korea',0,'1998-06-21 19:30:21','2020-06-14 05:52:15'),(181,86,'f','1993-03-16','Kamilleville','Norfolk Island',1,'2008-04-18 04:16:51','2020-06-14 05:57:47'),(182,66,'f','1997-03-15','Alfordhaven','Trinidad and Tobago',1,'1989-12-05 08:02:11','2020-06-14 05:57:47'),(183,71,'f','1978-11-22','North Johnathon','Albania',1,'1983-08-10 10:30:20','2020-06-14 05:57:47'),(184,59,'f','1992-11-13','Port Adelle','Greece',1,'2008-01-26 04:41:50','2020-06-14 05:57:47'),(185,81,'f','2008-10-14','Grantburgh','Sudan',1,'1976-08-04 05:08:46','2020-06-14 05:57:47'),(186,25,'f','2015-11-02','Lake Richie','Faroe Islands',1,'1998-10-14 01:17:07','2020-06-14 05:57:47'),(187,85,'f','1982-11-16','Zemlakchester','Heard Island and McDonald Islands',1,'1990-07-20 06:58:15','2020-06-14 05:57:47'),(188,48,'f','2014-06-26','Schowalterchester','Paraguay',0,'2010-04-25 18:01:53','2020-06-14 05:53:09'),(189,85,'f','2006-01-18','Dejuanchester','Benin',1,'1997-10-24 20:24:34','2020-06-14 05:57:47'),(190,82,'f','1973-03-05','New Amina','Marshall Islands',1,'1971-03-07 04:04:59','2020-06-14 05:57:47'),(191,54,'f','1979-02-04','Port Arch','Belize',0,'2009-07-18 14:31:27','2020-06-14 05:52:15'),(192,24,'f','1979-04-29','Hildashire','Chad',0,'1999-04-08 12:42:38','2020-06-14 05:53:09'),(193,56,'f','1974-06-22','Genovevachester','Nauru',1,'1993-07-07 13:29:47','2020-06-14 05:57:47'),(194,8,'f','1978-11-29','Port Mack','Iran',0,'1986-10-17 02:13:40','2020-06-14 05:53:09'),(195,72,'f','1979-10-10','Rennerbury','India',1,'1976-05-03 05:47:15','2020-06-14 05:57:47'),(196,34,'f','1970-12-27','West Mauricio','Micronesia',0,'2009-02-08 00:19:02','2020-06-14 05:52:15'),(197,56,'f','1970-06-12','Port Jamilfurt','Japan',0,'2011-04-26 04:39:59','2020-06-14 05:52:15'),(198,74,'f','1972-05-04','North Erlingport','Saudi Arabia',0,'1970-06-04 08:08:12','2020-06-14 05:52:15'),(199,5,'f','1985-02-24','Mrazville','Azerbaijan',0,'1999-05-11 19:41:25','2020-06-14 05:52:15'),(200,1,'f','2017-01-15','Ortizmouth','Czech Republic',0,'2018-02-14 05:36:55','2020-06-14 05:53:09');
/*!40000 ALTER TABLE `profiles` ENABLE KEYS */;
UNLOCK TABLES;

--
-- Table structure for table `target_types`
--

DROP TABLE IF EXISTS `target_types`;
/*!40101 SET @saved_cs_client     = @@character_set_client */;
/*!50503 SET character_set_client = utf8mb4 */;
CREATE TABLE `target_types` (
  `id` int unsigned NOT NULL AUTO_INCREMENT,
  `name` varchar(255) NOT NULL,
  `created_at` datetime DEFAULT CURRENT_TIMESTAMP,
  PRIMARY KEY (`id`),
  UNIQUE KEY `name` (`name`)
) ENGINE=InnoDB AUTO_INCREMENT=5 DEFAULT CHARSET=utf8mb4 COLLATE=utf8mb4_0900_ai_ci;
/*!40101 SET character_set_client = @saved_cs_client */;

--
-- Dumping data for table `target_types`
--

LOCK TABLES `target_types` WRITE;
/*!40000 ALTER TABLE `target_types` DISABLE KEYS */;
INSERT INTO `target_types` VALUES (1,'messages','2020-06-20 07:41:35'),(2,'users','2020-06-20 07:41:35'),(3,'media','2020-06-20 07:41:35'),(4,'posts','2020-06-20 07:41:35');
/*!40000 ALTER TABLE `target_types` ENABLE KEYS */;
UNLOCK TABLES;

--
-- Table structure for table `user_statuses`
--

DROP TABLE IF EXISTS `user_statuses`;
/*!40101 SET @saved_cs_client     = @@character_set_client */;
/*!50503 SET character_set_client = utf8mb4 */;
CREATE TABLE `user_statuses` (
  `id` int unsigned NOT NULL AUTO_INCREMENT,
  `name` varchar(150) NOT NULL,
  PRIMARY KEY (`id`),
  UNIQUE KEY `name` (`name`)
) ENGINE=InnoDB AUTO_INCREMENT=4 DEFAULT CHARSET=utf8mb4 COLLATE=utf8mb4_0900_ai_ci;
/*!40101 SET character_set_client = @saved_cs_client */;

--
-- Dumping data for table `user_statuses`
--

LOCK TABLES `user_statuses` WRITE;
/*!40000 ALTER TABLE `user_statuses` DISABLE KEYS */;
INSERT INTO `user_statuses` VALUES (1,'active'),(2,'blocked'),(3,'deleted');
/*!40000 ALTER TABLE `user_statuses` ENABLE KEYS */;
UNLOCK TABLES;

--
-- Table structure for table `users`
--

DROP TABLE IF EXISTS `users`;
/*!40101 SET @saved_cs_client     = @@character_set_client */;
/*!50503 SET character_set_client = utf8mb4 */;
CREATE TABLE `users` (
  `id` int unsigned NOT NULL AUTO_INCREMENT COMMENT 'Идентификатор строки',
  `first_name` varchar(100) CHARACTER SET utf8 COLLATE utf8_unicode_ci NOT NULL COMMENT 'Имя пользователя',
  `last_name` varchar(100) CHARACTER SET utf8 COLLATE utf8_unicode_ci NOT NULL COMMENT 'Фамилия пользователя',
  `email` varchar(100) CHARACTER SET utf8 COLLATE utf8_unicode_ci NOT NULL COMMENT 'Почта',
  `phone` varchar(100) CHARACTER SET utf8 COLLATE utf8_unicode_ci NOT NULL COMMENT 'Телефон',
  `user_status` int unsigned NOT NULL DEFAULT '1',
  `created_at` datetime DEFAULT CURRENT_TIMESTAMP COMMENT 'Время создания строки',
  `updated_at` datetime DEFAULT CURRENT_TIMESTAMP ON UPDATE CURRENT_TIMESTAMP COMMENT 'Время обновления строки',
  PRIMARY KEY (`id`),
  UNIQUE KEY `email` (`email`),
  UNIQUE KEY `phone` (`phone`),
  KEY `users_user_status_fk` (`user_status`),
  CONSTRAINT `users_user_status_fk` FOREIGN KEY (`user_status`) REFERENCES `user_statuses` (`id`)
) ENGINE=InnoDB AUTO_INCREMENT=201 DEFAULT CHARSET=utf8 COLLATE=utf8_unicode_ci COMMENT='Пользователи';
/*!40101 SET character_set_client = @saved_cs_client */;

--
-- Dumping data for table `users`
--

LOCK TABLES `users` WRITE;
/*!40000 ALTER TABLE `users` DISABLE KEYS */;
INSERT INTO `users` VALUES (1,'Autumn','Muller','mkunze@example.org','788.100.9171',1,'1991-07-14 11:04:12','1997-09-03 14:00:10'),(2,'Lillian','Stark','skiles.william@example.org','1-216-182-8751',2,'2019-04-19 02:07:30','2020-06-14 05:36:08'),(3,'Toy','Treutel','kmitchell@example.org','1-782-105-8823',3,'1997-07-26 00:24:21','2020-06-14 05:37:31'),(4,'Ford','Abernathy','keeling.kenny@example.net','+79(3)5808516068',1,'2013-11-18 00:27:43','2020-06-14 05:39:54'),(5,'Susie','Green','sebert@example.org','1-115-919-3448',2,'1992-05-13 14:57:45','2020-06-14 05:36:08'),(6,'Elenora','Strosin','julian.crist@example.com','(359)657-7633x82793',3,'2001-03-14 03:15:40','2020-06-14 05:37:31'),(7,'Alvena','Emmerich','flatley.royal@example.org','1-501-165-7074x2147',2,'1975-07-20 08:47:40','2020-06-14 05:36:08'),(8,'Lela','Sanford','xpouros@example.org','229.435.0085x12902',3,'2019-07-13 09:54:03','2020-06-14 05:37:31'),(9,'Emie','Kovacek','coleman16@example.net','+45(3)8153023960',1,'1988-02-22 01:23:19','2012-12-05 07:36:21'),(10,'Jeffry','Stracke','mzulauf@example.net','197-311-8521',1,'1992-06-25 03:31:49','2020-06-14 05:39:54'),(11,'Obie','Satterfield','qemmerich@example.org','325-711-1531',1,'2002-01-27 08:37:44','2020-06-14 05:39:54'),(12,'Yasmin','Weissnat','bernier.sydni@example.net','1-158-130-5584x148',1,'1997-07-03 00:34:29','2012-03-05 07:53:28'),(13,'Timmothy','Romaguera','zsimonis@example.com','835.257.5451x8223',1,'2005-01-10 15:32:33','2020-06-14 05:39:54'),(14,'Madonna','Graham','maiya63@example.com','995-164-0865x345',1,'1999-03-08 19:30:26','2020-06-14 05:39:54'),(15,'Jeanie','Watsica','iboyle@example.com','(833)314-8819',1,'2013-02-09 14:36:59','2020-06-14 05:39:54'),(16,'Chaya','Gottlieb','quitzon.carolanne@example.org','202.107.0433x3678',1,'1998-02-07 16:01:16','2020-06-14 05:39:54'),(17,'Micaela','Christiansen','jast.will@example.net','(589)679-6240x044',1,'1972-11-08 13:10:19','2020-06-14 05:39:54'),(18,'Otho','Beatty','turcotte.darrick@example.org','1-694-644-1286x558',1,'1980-10-30 18:55:52','2009-12-15 23:37:57'),(19,'Dusty','Gibson','howe.daniella@example.com','1-620-323-6912x631',1,'2008-11-12 20:48:21','2020-06-14 05:39:54'),(20,'Cortney','Jenkins','cronin.khalid@example.com','057-923-6472x9722',1,'2004-07-21 05:06:42','2020-06-14 05:39:54'),(21,'Shayne','Price','antonetta.bechtelar@example.net','(462)807-5686x44908',1,'1974-08-23 16:03:29','2002-09-15 22:29:53'),(22,'Tristian','Nolan','zheller@example.net','06945870249',1,'2008-10-31 06:07:10','2020-06-14 05:39:54'),(23,'Jody','Keebler','batz.torey@example.com','631-657-2083x45998',1,'2009-08-16 17:49:35','2020-06-14 05:39:54'),(24,'Ethelyn','Oberbrunner','davion82@example.org','484.240.9370x01907',1,'1982-12-13 21:37:03','2009-06-25 19:48:16'),(25,'Leora','Wilderman','supton@example.net','923.371.7432',1,'1971-03-03 00:49:01','1999-03-06 10:49:37'),(26,'Marjolaine','Kilback','nreynolds@example.com','(220)963-8406',1,'1986-06-24 17:20:16','2003-04-28 17:23:30'),(27,'Weston','Spencer','awisozk@example.com','(628)415-4258x064',1,'1996-10-18 10:29:08','2020-06-14 05:39:54'),(28,'Rodolfo','Herman','gutmann.dortha@example.com','1-594-851-6614',1,'2008-06-28 15:13:17','2020-06-14 05:39:54'),(29,'Marianna','Durgan','renee.walter@example.net','1-784-795-2387x718',1,'2007-02-10 17:06:43','2020-06-14 05:39:54'),(30,'Favian','Metz','kaela.d\'amore@example.com','(812)012-9401x935',1,'2015-06-08 07:08:11','2020-06-14 05:39:54'),(31,'Diamond','Von','alverta69@example.com','(411)940-8353x2627',1,'1992-02-18 08:25:58','2020-06-14 05:39:54'),(32,'Tobin','McDermott','kristofer.langosh@example.net','1-424-498-3838',1,'2011-09-24 15:55:47','2014-01-24 12:39:22'),(33,'Euna','Dibbert','bpredovic@example.net','+32(2)7285915380',1,'1999-11-08 03:31:40','2002-12-29 21:37:47'),(34,'Chaim','Little','williamson.zachery@example.net','914.358.4845',1,'1992-02-16 00:49:36','2020-06-14 05:39:54'),(35,'Rahsaan','Aufderhar','xkling@example.com','447.412.8172x965',1,'1990-06-07 13:25:22','2020-06-14 05:39:54'),(36,'Murphy','Rohan','dkeeling@example.com','(203)740-4257x8442',1,'2002-09-06 04:33:36','2003-06-16 13:34:35'),(37,'Dominic','Funk','zzulauf@example.org','+99(2)2633989815',1,'2007-06-15 09:31:49','2016-12-25 04:54:29'),(38,'Candelario','Halvorson','gerardo23@example.net','687-252-4428',1,'2019-08-11 13:47:14','2020-06-14 05:39:54'),(39,'Laury','Boyle','akeem34@example.org','09994098971',1,'2005-05-17 06:30:38','2020-06-14 05:39:54'),(40,'Jermain','Zemlak','junius.brown@example.net','1-591-784-1932',1,'1979-04-09 20:25:00','1991-01-30 01:02:47'),(41,'Francis','Wintheiser','ffarrell@example.net','(183)006-0896',1,'1983-04-16 02:22:17','1994-10-07 09:58:55'),(42,'Willis','O\'Reilly','candido.kling@example.net','349.676.6732x59777',1,'1973-09-19 17:09:16','2007-03-31 16:29:47'),(43,'Art','Kiehn','quitzon.eileen@example.net','(520)029-3624x094',1,'2019-06-29 15:52:28','2020-06-14 05:39:54'),(44,'Deondre','Walker','cummerata.judy@example.net','1-624-017-1678x44966',1,'1982-05-26 19:41:32','2008-08-16 04:40:50'),(45,'Jackie','Tromp','trycia.smitham@example.net','227-258-9252x607',2,'2012-03-15 00:58:25','2020-06-14 05:36:08'),(46,'Lina','Gutkowski','slabadie@example.com','(131)885-1273',3,'1990-06-30 23:51:16','2020-06-14 05:37:31'),(47,'Vern','Yundt','sierra.hermann@example.org','077-853-7766x772',1,'1985-07-19 03:10:44','2005-07-22 18:11:39'),(48,'Edgar','Altenwerth','treva.oberbrunner@example.com','903.990.0149',1,'1980-11-19 14:15:15','2020-06-14 05:39:54'),(49,'Pasquale','Homenick','wblanda@example.net','(685)485-7619',1,'1982-05-24 17:23:11','1984-08-14 08:49:51'),(50,'Tony','Hahn','ekling@example.org','1-171-605-8597',1,'1997-07-30 14:45:54','2011-08-03 19:19:11'),(51,'Tyrique','Shields','filomena85@example.org','+58(8)0984157474',1,'1995-04-10 23:45:31','2017-04-06 06:27:00'),(52,'Crystal','Stoltenberg','xankunding@example.net','+61(9)7171736462',1,'2000-06-19 21:51:08','2020-06-14 05:39:54'),(53,'Lonie','Becker','elisa.wintheiser@example.com','337-895-5375x241',1,'2018-12-25 07:54:22','2020-06-14 05:39:54'),(54,'Juana','Schuster','wtremblay@example.net','01332704516',1,'1972-12-27 01:15:20','2019-09-26 12:30:48'),(55,'Ila','Von','ramiro.osinski@example.org','614-588-7349x88263',1,'1992-02-02 06:18:34','2018-08-26 00:23:30'),(56,'Tyler','Toy','julian69@example.org','(974)725-0534',1,'1976-03-22 00:45:01','2002-07-10 15:31:55'),(57,'Reyes','Harris','kunde.gabriel@example.com','114.528.8454',1,'2013-01-31 09:04:27','2020-06-14 05:39:54'),(58,'Maximus','Pouros','verla41@example.com','1-030-124-5291x13014',1,'2018-06-27 23:10:02','2020-06-14 05:39:54'),(59,'Eusebio','Thiel','alize.schinner@example.com','(832)920-5253',1,'1993-04-15 04:55:43','2020-06-14 05:39:54'),(60,'Rahul','Gleichner','gibson.marty@example.net','420-895-7045',1,'2017-06-06 09:25:13','2020-06-14 05:39:54'),(61,'Leland','Denesik','kunze.althea@example.com','751.279.3104x3937',1,'1971-09-25 15:33:10','1977-02-10 07:13:27'),(62,'Ryann','Gorczany','satterfield.declan@example.com','1-163-938-8283',1,'1975-07-12 16:53:37','1997-08-11 14:42:03'),(63,'Melvin','Rodriguez','ahmad.ferry@example.org','(089)715-7185',1,'1983-03-27 12:09:44','2009-03-31 15:44:22'),(64,'Nyasia','Wuckert','larue17@example.org','1-372-396-8099x2717',1,'2001-01-25 03:35:01','2020-06-14 05:39:54'),(65,'Joy','Marks','jameson.kris@example.net','047.856.4678',1,'1982-08-20 04:41:48','2020-06-14 05:39:54'),(66,'Osbaldo','Nader','kiana.kuhlman@example.net','762.631.9906x2549',1,'2004-05-09 21:45:16','2010-10-24 12:35:39'),(67,'Maci','Maggio','flatley.julianne@example.org','431-700-0535x4597',2,'2015-03-29 04:12:13','2020-06-14 05:36:08'),(68,'Belle','Balistreri','holden.schroeder@example.com','238.567.5469',3,'1980-04-13 17:44:13','2020-06-14 05:37:31'),(69,'Adell','Wuckert','little.shany@example.net','05950705926',1,'2017-12-20 22:36:42','2020-06-14 05:39:54'),(70,'Winston','Schneider','btremblay@example.org','1-185-691-3535',1,'1988-06-28 02:44:16','1988-12-28 14:18:56'),(71,'Turner','Auer','katherine58@example.org','398-679-4066x6408',1,'1981-11-26 19:15:16','2014-08-20 02:44:43'),(72,'Kareem','Ferry','regan29@example.com','1-231-555-7273x2259',1,'2019-03-15 06:52:27','2020-06-14 05:39:54'),(73,'Alford','Moore','uturner@example.net','1-160-023-8345x75065',1,'2010-11-03 12:16:50','2020-06-14 05:39:54'),(74,'Jordi','West','ggoyette@example.net','538-678-2994x310',1,'2007-03-25 08:36:00','2020-06-14 05:39:54'),(75,'Skye','Schimmel','crawford56@example.com','(325)091-5076',1,'2014-06-06 12:28:34','2020-06-14 05:39:54'),(76,'Dallas','Smith','ccronin@example.com','+25(3)0195445100',2,'2015-01-11 21:38:49','2020-06-14 05:36:08'),(77,'Quentin','Rice','morton36@example.com','1-258-029-4376x799',3,'2014-05-12 04:21:11','2020-06-14 05:37:31'),(78,'Myrtice','Windler','rau.camylle@example.org','633-682-3272x084',1,'1988-01-06 04:23:54','2020-06-14 05:39:54'),(79,'Justine','Crona','marisol31@example.com','(303)565-3908x511',1,'2012-06-29 20:29:26','2020-06-14 05:39:54'),(80,'Alison','Funk','astoltenberg@example.org','(453)301-2058',1,'1982-01-07 13:43:33','1997-12-15 21:31:34'),(81,'Raul','Dickens','ehoppe@example.net','05051082138',2,'2006-04-23 13:13:37','2020-06-14 05:36:08'),(82,'Elmer','Fisher','gusikowski.albin@example.com','+88(8)2700387306',2,'2017-07-16 09:42:42','2020-06-14 05:36:08'),(83,'Jefferey','Koch','dolly48@example.com','287-754-4228x511',2,'2001-05-21 00:47:18','2020-06-14 05:36:08'),(84,'Felicity','Lang','fhermann@example.org','1-535-019-3509',1,'1975-05-01 02:14:44','1980-02-04 07:36:30'),(85,'Samara','Conroy','emitchell@example.org','045-119-7634x482',3,'2017-05-03 07:03:29','2020-06-14 05:37:31'),(86,'Chandler','Sipes','garrison.boehm@example.net','1-502-544-9405x76024',3,'1995-07-19 03:39:46','2020-06-14 05:37:31'),(87,'Gail','Corkery','geovanny11@example.com','03357878321',3,'1997-03-14 12:13:51','2020-06-14 05:37:31'),(88,'Fiona','Stehr','zdouglas@example.com','+61(7)7318296281',1,'2000-12-29 21:18:57','2008-11-30 10:00:52'),(89,'Landen','Smitham','kiel.bode@example.com','07380456713',1,'1991-08-26 02:07:11','2015-09-27 01:40:03'),(90,'Jamey','Hettinger','rod.conroy@example.org','04454142862',1,'2013-01-10 14:18:17','2020-06-14 05:39:54'),(91,'Lamont','Gutmann','fmohr@example.com','1-396-170-9163',1,'1995-02-18 20:19:41','2000-03-07 10:34:03'),(92,'Sammie','Keeling','jonathan76@example.com','004.981.6575',1,'2009-08-25 20:47:47','2020-06-14 05:39:54'),(93,'Eryn','Reilly','pearline.turner@example.net','786-224-9730',1,'1990-07-12 11:44:53','2019-03-06 10:08:23'),(94,'Vivianne','Kiehn','koss.etha@example.org','1-781-969-0247',1,'1992-10-08 05:13:34','2005-05-27 20:39:29'),(95,'Caterina','Hilll','durgan.ryan@example.org','960-205-8295x65540',3,'2007-08-14 14:40:48','2020-06-14 05:37:31'),(96,'Marlene','Langworth','lynn67@example.net','325.222.5645x695',3,'1970-08-21 04:45:25','2020-06-14 05:37:31'),(97,'Dariana','Miller','vharris@example.org','(309)528-0061x6915',3,'1972-03-16 09:34:50','2020-06-14 05:37:31'),(98,'Freddie','Rogahn','spencer.abigale@example.com','(650)669-6429',1,'2013-05-13 16:29:31','2020-06-14 05:39:54'),(99,'Maryse','Harber','morton17@example.org','+30(1)5531828475',2,'1974-09-12 00:19:00','2020-06-14 05:36:08'),(100,'Pablo','Kiehn','claudia.braun@example.org','1-560-234-9551',1,'2017-01-15 03:30:03','2020-06-14 05:39:54'),(101,'Wilbert','Treutel','karen29@example.com','1-302-058-7621x5375',1,'2018-04-27 23:10:42','2020-06-14 05:39:54'),(102,'Albina','Marvin','isadore56@example.com','1-798-217-0305x00049',1,'1975-02-28 09:10:09','1995-08-23 07:43:30'),(103,'Tia','Murray','johnnie82@example.org','772.056.2021',1,'1980-08-25 14:50:06','2013-12-15 04:02:28'),(104,'Kristoffer','Smith','mellie22@example.net','231-125-9405x9269',1,'2004-07-25 17:11:01','2020-06-14 05:39:54'),(105,'Charles','Breitenberg','ssauer@example.com','+97(0)8609131470',1,'1985-04-23 03:52:18','1991-11-17 03:42:56'),(106,'Wendell','Wolf','obayer@example.net','(549)535-1998x66063',1,'2006-04-27 02:22:45','2020-06-14 05:39:54'),(107,'Mariela','Abshire','cathrine.mitchell@example.net','568-487-1222x0299',1,'2013-08-23 22:57:30','2020-06-14 05:39:54'),(108,'Stuart','Lueilwitz','wwhite@example.org','(910)909-4246x7733',1,'2001-07-30 23:27:41','2011-10-23 22:08:30'),(109,'Yadira','DuBuque','vhirthe@example.org','(622)238-6968x542',1,'1973-01-15 16:08:03','1977-12-19 02:03:52'),(110,'Kendall','Deckow','deion.brown@example.net','011-716-8039x633',1,'1992-08-31 17:37:10','1993-07-02 16:12:33'),(111,'Elaina','Stracke','pfeffer.elouise@example.net','462-439-9592x8110',1,'2015-05-03 21:23:57','2020-06-14 05:39:54'),(112,'Francisco','Reilly','megane78@example.org','796.888.8671x247',1,'2007-12-24 23:48:14','2020-06-14 05:39:54'),(113,'Dereck','O\'Keefe','maybell.nitzsche@example.net','(770)599-4912x096',1,'1997-04-02 21:17:25','2017-01-22 08:43:57'),(114,'Jessyca','Carter','rlemke@example.com','+26(1)9150372812',1,'1997-12-21 00:40:49','2012-10-13 03:36:45'),(115,'Adelle','Jakubowski','norma86@example.net','1-628-029-0520',1,'1972-09-12 14:33:13','1977-12-09 09:21:57'),(116,'Gage','Bailey','mcruickshank@example.com','799.433.7667',1,'2002-05-14 18:46:26','2003-11-19 17:50:37'),(117,'Lou','Hudson','bailey.bernice@example.com','1-583-911-3834',1,'1976-04-26 20:01:13','1988-04-22 15:21:57'),(118,'Luther','Dooley','kory86@example.net','721-408-3267x8082',1,'1997-04-17 00:26:26','2020-06-14 05:39:54'),(119,'Juston','Wisoky','ukautzer@example.com','(081)837-7043x27120',1,'2012-12-28 14:48:38','2014-09-01 03:04:25'),(120,'Judah','Brekke','hermiston.rebekah@example.net','(359)580-7481x97502',1,'2011-12-18 05:26:22','2015-04-19 06:26:50'),(121,'Damian','Cartwright','nona.adams@example.com','1-474-832-2877x3918',1,'2015-07-21 21:49:49','2020-06-14 05:39:54'),(122,'Queenie','Greenholt','daisha.hegmann@example.net','095-715-7098',1,'2012-11-14 21:24:11','2020-06-14 05:39:54'),(123,'Hildegard','Friesen','jgottlieb@example.net','(101)758-8728',1,'2000-01-13 01:29:18','2020-06-14 05:39:54'),(124,'Ocie','Lind','tess.maggio@example.com','+57(9)2935369771',1,'1981-12-22 23:52:01','2020-06-14 05:39:54'),(125,'Oren','Harber','gillian.pollich@example.net','1-238-978-8444x149',1,'1986-04-28 18:10:49','2020-06-14 05:39:54'),(126,'Carlie','Zboncak','genoveva59@example.net','1-949-886-3726x4287',1,'1998-01-14 18:51:45','2007-01-28 12:16:11'),(127,'Sammie','Hartmann','ffeil@example.com','(134)809-3040x921',1,'1981-08-04 07:05:57','2001-12-17 09:16:00'),(128,'Shawn','Harber','reta.predovic@example.com','1-204-453-2016x46857',1,'2012-02-23 12:04:51','2020-06-14 05:39:54'),(129,'Marcelina','Shanahan','elangworth@example.com','383-073-3193x18955',1,'2015-06-14 10:02:15','2020-06-14 05:39:54'),(130,'Mathew','Schimmel','jesse12@example.net','950-648-3523x230',1,'1989-10-30 03:05:56','2020-06-14 05:39:54'),(131,'Eloise','Mayert','schumm.rod@example.net','1-930-916-6893',1,'1976-11-04 00:34:37','2018-12-08 12:58:32'),(132,'Dimitri','Gutmann','fermin83@example.org','09507433706',1,'1973-09-21 04:45:13','2020-06-14 05:39:54'),(133,'Clement','Kemmer','rutherford.zane@example.com','00136859405',3,'1998-06-02 23:54:23','2020-06-14 05:38:14'),(134,'Krystel','Bernier','kennedy.harvey@example.net','1-270-439-3881',1,'1972-07-22 15:04:50','2005-05-04 21:29:41'),(135,'Reginald','Kling','asia.cremin@example.net','(311)527-4667x7027',1,'1979-03-21 07:44:10','2020-06-14 05:39:54'),(136,'Abagail','Miller','kunde.amparo@example.org','+39(3)5666130845',1,'2003-11-26 10:19:43','2020-06-14 05:39:54'),(137,'Mittie','Mueller','rigoberto85@example.com','1-628-172-0999x44427',1,'1990-06-01 18:19:10','2020-06-14 05:39:54'),(138,'Nikki','Mueller','mayert.timmy@example.com','433-782-1305x0285',1,'1971-04-05 13:53:55','1995-11-27 08:19:07'),(139,'Luz','Jones','adella42@example.net','689.146.8143x34757',1,'1999-03-20 05:58:57','2020-06-14 05:39:54'),(140,'Eveline','Kunde','gzboncak@example.com','190.703.4739',1,'2018-02-24 20:10:45','2020-06-14 05:39:54'),(141,'Adell','Schultz','wkirlin@example.net','499-946-5225',1,'1978-08-05 10:02:21','2004-05-11 12:25:13'),(142,'Ladarius','Brown','nheaney@example.com','1-759-085-2037x167',1,'1999-12-04 20:37:48','2020-06-14 05:39:54'),(143,'Earnest','Orn','casper.isaac@example.net','323.487.7863',1,'1983-03-28 14:56:53','1983-11-18 19:56:59'),(144,'Darien','Larson','ycasper@example.com','937.819.7042',1,'1975-02-04 23:04:12','2018-11-07 23:45:23'),(145,'Annamae','Vandervort','jgoodwin@example.org','06797762456',1,'1991-02-17 21:01:51','2020-06-14 05:39:54'),(146,'Henderson','Collier','will.gutkowski@example.org','1-338-046-7874x0658',1,'2018-08-05 14:46:05','2020-06-14 05:39:54'),(147,'Brandon','Murazik','william41@example.net','05810333691',1,'2004-05-28 20:47:59','2020-06-14 05:39:54'),(148,'Kenton','VonRueden','kirk.smitham@example.com','969.453.8436',1,'1995-12-17 18:23:32','2020-06-14 05:39:54'),(149,'Jalyn','Koss','jules16@example.net','(835)412-4543',1,'1980-08-10 21:09:39','1982-01-27 13:05:56'),(150,'Leda','O\'Kon','bashirian.steve@example.org','(385)494-3446x834',1,'1987-03-02 05:21:16','2020-06-14 05:39:54'),(151,'Roslyn','Rowe','tkeebler@example.net','+85(5)4490071165',1,'1972-11-27 14:57:04','2016-03-04 16:13:28'),(152,'Velva','Pacocha','sanford.darrell@example.net','1-095-948-7162x0926',1,'1977-09-28 20:59:22','1982-04-09 04:23:06'),(153,'Edward','Corkery','mclaughlin.reynold@example.org','(512)325-4388x4140',1,'1989-10-28 13:05:54','2020-06-14 05:39:54'),(154,'Reyes','Moore','tmacejkovic@example.com','370-726-9304',1,'2011-04-24 20:06:55','2020-06-14 05:39:54'),(155,'Jacey','Mitchell','jefferey.kirlin@example.net','07718669529',3,'1972-11-07 09:18:25','2020-06-14 05:38:14'),(156,'Teagan','Bahringer','wbartoletti@example.org','1-172-122-0258',1,'1998-10-04 22:26:26','2013-01-26 14:42:10'),(157,'Kellie','Johnson','mhoeger@example.net','258.654.0825x144',1,'1991-09-07 20:49:27','1997-10-04 07:27:09'),(158,'Terence','Denesik','gconn@example.org','549-133-1827x40734',1,'1996-05-12 07:14:03','2020-06-14 05:39:54'),(159,'Amira','Watsica','florian69@example.org','+09(6)5190238614',1,'2020-06-09 02:50:44','2020-06-14 05:39:54'),(160,'Marietta','Gorczany','kirlin.sherman@example.org','1-593-271-7737',1,'1980-10-26 23:15:21','2014-08-12 22:34:17'),(161,'Antonietta','Armstrong','lizzie84@example.com','(525)170-9964',1,'2008-06-30 01:46:32','2020-06-14 05:39:54'),(162,'Malcolm','O\'Hara','qnolan@example.com','963.622.6180x693',1,'2019-12-22 12:30:19','2020-06-14 05:39:54'),(163,'Daphne','Yundt','tfritsch@example.org','1-342-251-4104x70138',1,'2013-09-13 00:38:08','2020-06-14 05:39:54'),(164,'Jett','Haley','xhaag@example.net','1-036-023-9371x86878',1,'1976-12-04 15:16:59','1995-12-24 02:30:59'),(165,'Sasha','Gutkowski','becker.merl@example.net','1-264-137-6277x7478',1,'2000-05-26 11:01:45','2020-06-14 05:39:54'),(166,'Damion','Hartmann','jared28@example.org','556-071-8606',1,'1978-08-27 09:46:48','2020-06-14 05:39:54'),(167,'Kaya','Boehm','aurelia.nitzsche@example.net','(095)209-4438x94565',3,'1992-06-11 06:41:50','2020-06-14 05:38:14'),(168,'Sylvan','Turner','vkuhn@example.com','(024)669-1470x25199',1,'2016-01-15 13:54:20','2018-04-16 19:34:38'),(169,'Ottis','Lebsack','earnestine.white@example.com','515.446.3205',1,'1994-12-03 16:19:57','2020-06-14 05:39:54'),(170,'Madison','Bailey','abernathy.valentin@example.org','1-460-618-1085',1,'1978-06-05 18:46:51','2015-06-02 02:39:44'),(171,'Billy','Maggio','tfritsch@example.net','278-449-8884',1,'2007-06-13 03:21:14','2009-11-04 10:59:10'),(172,'Cleve','Lynch','cedrick97@example.com','05522714010',1,'2019-05-15 19:49:39','2020-06-14 05:39:54'),(173,'Audra','Armstrong','jschuster@example.net','+23(3)6296378243',1,'2020-01-24 22:12:31','2020-06-14 05:39:54'),(174,'Kiarra','Emmerich','gusikowski.madalyn@example.com','011-471-1812x95743',3,'2017-03-31 11:43:14','2020-06-14 05:38:14'),(175,'Caroline','Stoltenberg','fay.emiliano@example.com','458.569.4347x299',3,'2009-01-21 03:15:34','2020-06-14 05:38:14'),(176,'Dovie','Rice','rrowe@example.org','099-284-1701x880',1,'1990-12-03 00:07:44','2006-04-04 18:10:59'),(177,'Hershel','Raynor','hwitting@example.net','1-881-465-8121',1,'1977-11-14 00:55:08','1992-08-04 05:54:55'),(178,'Estella','Beatty','smohr@example.net','(340)184-3061x4141',1,'1998-05-20 23:38:01','2020-06-14 05:39:54'),(179,'Freddy','McClure','eula.maggio@example.net','995-389-4947',1,'2010-04-23 19:07:04','2017-12-04 15:13:23'),(180,'Earnestine','Littel','zmurray@example.net','780.928.9606x390',1,'1983-02-10 04:22:17','1986-10-19 02:28:24'),(181,'Flavie','Emmerich','runte.queenie@example.org','00966928875',1,'1998-07-14 22:37:27','2020-06-14 05:39:54'),(182,'Trenton','Lynch','dmcclure@example.com','01577431223',1,'2004-04-08 05:32:53','2020-06-14 05:39:54'),(183,'Corene','Rutherford','klein.sonia@example.org','521.740.1348',1,'2012-06-25 06:36:52','2020-06-14 05:39:54'),(184,'Serenity','Smith','adah20@example.com','052-093-7472',1,'1979-02-04 15:00:55','1996-10-30 20:15:10'),(185,'George','Orn','helen.rippin@example.com','017.237.2130x273',1,'1973-11-19 05:33:11','1998-05-25 10:30:12'),(186,'Jacky','Thiel','edison21@example.com','907.801.8927',1,'2009-10-19 08:06:02','2020-06-14 05:39:54'),(187,'Kathlyn','Fay','kirsten.kreiger@example.net','890.445.7785',1,'1982-10-11 16:59:28','2020-06-14 05:39:54'),(188,'Clark','Wehner','frederik.mohr@example.com','1-353-329-5520',1,'2006-07-12 00:56:52','2020-06-14 05:39:54'),(189,'Makenna','Larkin','lucio.bogisich@example.org','411-354-2883',1,'1982-01-27 21:38:01','1993-01-30 22:18:57'),(190,'Therese','Muller','lilyan.kuhlman@example.org','+34(9)8034037089',1,'2014-10-08 06:14:50','2020-06-14 05:39:54'),(191,'Ansel','Lind','barrows.greyson@example.net','790-973-7535x3806',3,'1992-03-22 10:44:12','2020-06-14 05:38:14'),(192,'Anibal','Volkman','ifranecki@example.org','836.975.7348',1,'1992-11-18 12:29:46','1997-11-09 06:46:11'),(193,'Hollis','Raynor','rwalter@example.org','1-037-550-6479x16380',1,'1990-10-31 04:26:48','1996-07-28 21:27:59'),(194,'Jerod','Deckow','johns.alvina@example.net','708.828.6741',1,'2014-01-15 07:57:15','2020-06-14 05:39:54'),(195,'Percy','Hickle','dheidenreich@example.net','715.241.2339',1,'2009-08-31 08:43:01','2020-06-14 05:39:54'),(196,'Reilly','Yundt','zyost@example.org','064.794.0887',1,'2008-07-25 03:43:19','2020-06-14 05:39:54'),(197,'Rey','Yundt','pfisher@example.net','(828)225-5063',1,'1971-09-09 03:46:03','2018-04-08 19:54:10'),(198,'Loyal','Rogahn','carroll.luettgen@example.com','864-687-9520x416',1,'2003-10-04 07:59:18','2020-06-14 05:39:54'),(199,'Stephen','Schroeder','bennett.ondricka@example.org','1-165-713-9888x3821',1,'1982-10-16 09:33:32','1990-04-02 15:30:38'),(200,'Addie','Rowe','greilly@example.com','1-541-042-5373',1,'1995-01-25 14:38:15','2020-06-14 05:39:54');
/*!40000 ALTER TABLE `users` ENABLE KEYS */;
UNLOCK TABLES;
/*!40103 SET TIME_ZONE=@OLD_TIME_ZONE */;

/*!40101 SET SQL_MODE=@OLD_SQL_MODE */;
/*!40014 SET FOREIGN_KEY_CHECKS=@OLD_FOREIGN_KEY_CHECKS */;
/*!40014 SET UNIQUE_CHECKS=@OLD_UNIQUE_CHECKS */;
/*!40101 SET CHARACTER_SET_CLIENT=@OLD_CHARACTER_SET_CLIENT */;
/*!40101 SET CHARACTER_SET_RESULTS=@OLD_CHARACTER_SET_RESULTS */;
/*!40101 SET COLLATION_CONNECTION=@OLD_COLLATION_CONNECTION */;
/*!40111 SET SQL_NOTES=@OLD_SQL_NOTES */;

-- Dump completed on 2020-06-22 11:06:44
